-- SQLINES DEMO ***  Distrib 8.0.44, for Win64 (x86_64)
--
-- SQLINES DEMO ***   Database: deepseek_mosque_directory
-- SQLINES DEMO *** -------------------------------------
-- SQLINES DEMO *** 0.44

/* SQLINES DEMO *** CHARACTER_SET_CLIENT=@@CHARACTER_SET_CLIENT */;
/* SQLINES DEMO *** CHARACTER_SET_RESULTS=@@CHARACTER_SET_RESULTS */;
/* SQLINES DEMO *** COLLATION_CONNECTION=@@COLLATION_CONNECTION */;
/* SQLINES DEMO ***  utf8 */;
/* SQLINES DEMO *** TIME_ZONE=@@TIME_ZONE */;
/* SQLINES DEMO *** ZONE='+00:00' */;
/* SQLINES DEMO *** UNIQUE_CHECKS=@@UNIQUE_CHECKS, UNIQUE_CHECKS=0 */;
/* SQLINES DEMO *** FOREIGN_KEY_CHECKS=@@FOREIGN_KEY_CHECKS, FOREIGN_KEY_CHECKS=0 */;
/* SQLINES DEMO *** SQL_MODE=@@SQL_MODE, SQL_MODE='NO_AUTO_VALUE_ON_ZERO' */;
/* SQLINES DEMO *** SQL_NOTES=@@SQL_NOTES, SQL_NOTES=0 */;

--
-- SQLINES DEMO *** or table `admin_honeypot_loginattempt`
--

DROP TABLE IF EXISTS admin_honeypot_loginattempt;
/* SQLINES DEMO *** d_cs_client     = @@character_set_client */;
/* SQLINES DEMO *** cter_set_client = utf8mb4 */;
-- SQLINES FOR EVALUATION USE ONLY (14 DAYS)
CREATE TABLE admin_honeypot_loginattempt (
  id bigint NOT NULL GENERATED ALWAYS AS IDENTITY,
  username varchar(255) DEFAULT NULL,
  ip_address char(39) DEFAULT NULL,
  session_key varchar(50) DEFAULT NULL,
  user_agent text,
  timestamp timestamp(6) NOT NULL,
  path text,
  PRIMARY KEY (id)
)  ;

ALTER SEQUENCE admin_honeypot_loginattempt_seq RESTART WITH 4;
/* SQLINES DEMO *** cter_set_client = @saved_cs_client */;

--
-- SQLINES DEMO *** table `admin_honeypot_loginattempt`
--

LOCK TABLES admin_honeypot_loginattempt WRITE;
/* SQLINES DEMO *** LE `admin_honeypot_loginattempt` DISABLE KEYS */;
INSERT INTO admin_honeypot_loginattempt VALUES (1,'toto','127.0.0.1','3vefdy1gbdawzroe69gymz8zt4jbdgqz','Mozilla/5.0 (Windows NT 10.0; Win64; x64) AppleWebKit/537.36 (KHTML, like Gecko) Chrome/144.0.0.0 Safari/537.36','2026-02-04 23:27:50.613194','/fr/admin/login/?next=/fr/admin/'),(2,'tata','127.0.0.1','3vefdy1gbdawzroe69gymz8zt4jbdgqz','Mozilla/5.0 (Windows NT 10.0; Win64; x64) AppleWebKit/537.36 (KHTML, like Gecko) Chrome/144.0.0.0 Safari/537.36','2026-02-04 23:28:05.319088','/fr/admin/login/?next=/fr/admin/'),(3,'toto','127.0.0.1','3vefdy1gbdawzroe69gymz8zt4jbdgqz','Mozilla/5.0 (Windows NT 10.0; Win64; x64) AppleWebKit/537.36 (KHTML, like Gecko) Chrome/144.0.0.0 Safari/537.36','2026-02-04 23:28:15.411815','/fr/admin/login/?next=/fr/admin/');
/* SQLINES DEMO *** LE `admin_honeypot_loginattempt` ENABLE KEYS */;
UNLOCK TABLES;

--
-- SQLINES DEMO *** or table `auth_group`
--

DROP TABLE IF EXISTS auth_group;
/* SQLINES DEMO *** d_cs_client     = @@character_set_client */;
/* SQLINES DEMO *** cter_set_client = utf8mb4 */;
CREATE TABLE auth_group (
  id int NOT NULL GENERATED ALWAYS AS IDENTITY,
  name varchar(150) NOT NULL,
  PRIMARY KEY (id),
  CONSTRAINT name UNIQUE (name)
) ;
/* SQLINES DEMO *** cter_set_client = @saved_cs_client */;

--
-- SQLINES DEMO *** table `auth_group`
--

LOCK TABLES auth_group WRITE;
/* SQLINES DEMO *** LE `auth_group` DISABLE KEYS */;
/* SQLINES DEMO *** LE `auth_group` ENABLE KEYS */;
UNLOCK TABLES;

--
-- SQLINES DEMO *** or table `auth_group_permissions`
--

DROP TABLE IF EXISTS auth_group_permissions;
/* SQLINES DEMO *** d_cs_client     = @@character_set_client */;
/* SQLINES DEMO *** cter_set_client = utf8mb4 */;
CREATE TABLE auth_group_permissions (
  id bigint NOT NULL GENERATED ALWAYS AS IDENTITY,
  group_id int NOT NULL,
  permission_id int NOT NULL,
  PRIMARY KEY (id),
  CONSTRAINT auth_group_permissions_group_id_permission_id_0cd325b0_uniq UNIQUE (group_id,permission_id)
,
  CONSTRAINT auth_group_permissio_permission_id_84c5c92e_fk_auth_perm FOREIGN KEY (permission_id) REFERENCES auth_permission (id),
  CONSTRAINT auth_group_permissions_group_id_b120cbf9_fk_auth_group_id FOREIGN KEY (group_id) REFERENCES auth_group (id)
) ;

CREATE INDEX auth_group_permissio_permission_id_84c5c92e_fk_auth_perm ON auth_group_permissions (permission_id);
/* SQLINES DEMO *** cter_set_client = @saved_cs_client */;

--
-- SQLINES DEMO *** table `auth_group_permissions`
--

LOCK TABLES auth_group_permissions WRITE;
/* SQLINES DEMO *** LE `auth_group_permissions` DISABLE KEYS */;
/* SQLINES DEMO *** LE `auth_group_permissions` ENABLE KEYS */;
UNLOCK TABLES;

--
-- SQLINES DEMO *** or table `auth_permission`
--

DROP TABLE IF EXISTS auth_permission;
/* SQLINES DEMO *** d_cs_client     = @@character_set_client */;
/* SQLINES DEMO *** cter_set_client = utf8mb4 */;
CREATE TABLE auth_permission (
  id int NOT NULL GENERATED ALWAYS AS IDENTITY,
  name varchar(255) NOT NULL,
  content_type_id int NOT NULL,
  codename varchar(100) NOT NULL,
  PRIMARY KEY (id),
  CONSTRAINT auth_permission_content_type_id_codename_01ab375a_uniq UNIQUE (content_type_id,codename),
  CONSTRAINT auth_permission_content_type_id_2f476e4b_fk_django_co FOREIGN KEY (content_type_id) REFERENCES django_content_type (id)
)  ;

ALTER SEQUENCE auth_permission_seq RESTART WITH 73;
/* SQLINES DEMO *** cter_set_client = @saved_cs_client */;

--
-- SQLINES DEMO *** table `auth_permission`
--

LOCK TABLES auth_permission WRITE;
/* SQLINES DEMO *** LE `auth_permission` DISABLE KEYS */;
INSERT INTO auth_permission VALUES (1,'Can add log entry',1,'add_logentry'),(2,'Can change log entry',1,'change_logentry'),(3,'Can delete log entry',1,'delete_logentry'),(4,'Can view log entry',1,'view_logentry'),(5,'Can add permission',2,'add_permission'),(6,'Can change permission',2,'change_permission'),(7,'Can delete permission',2,'delete_permission'),(8,'Can view permission',2,'view_permission'),(9,'Can add group',3,'add_group'),(10,'Can change group',3,'change_group'),(11,'Can delete group',3,'delete_group'),(12,'Can view group',3,'view_group'),(13,'Can add user',4,'add_user'),(14,'Can change user',4,'change_user'),(15,'Can delete user',4,'delete_user'),(16,'Can view user',4,'view_user'),(17,'Can add content type',5,'add_contenttype'),(18,'Can change content type',5,'change_contenttype'),(19,'Can delete content type',5,'delete_contenttype'),(20,'Can view content type',5,'view_contenttype'),(21,'Can add session',6,'add_session'),(22,'Can change session',6,'change_session'),(23,'Can delete session',6,'delete_session'),(24,'Can view session',6,'view_session'),(25,'Can add country',7,'add_country'),(26,'Can change country',7,'change_country'),(27,'Can delete country',7,'delete_country'),(28,'Can view country',7,'view_country'),(29,'Can add Wilaya',8,'add_wilaya'),(30,'Can change Wilaya',8,'change_wilaya'),(31,'Can delete Wilaya',8,'delete_wilaya'),(32,'Can view Wilaya',8,'view_wilaya'),(33,'Can add Mosquée',9,'add_mosque'),(34,'Can change Mosquée',9,'change_mosque'),(35,'Can delete Mosquée',9,'delete_mosque'),(36,'Can view Mosquée',9,'view_mosque'),(37,'Can add Proposition',10,'add_proposition'),(38,'Can change Proposition',10,'change_proposition'),(39,'Can delete Proposition',10,'delete_proposition'),(40,'Can view Proposition',10,'view_proposition'),(41,'Can add mosque photo',11,'add_mosquephoto'),(42,'Can change mosque photo',11,'change_mosquephoto'),(43,'Can delete mosque photo',11,'delete_mosquephoto'),(44,'Can view mosque photo',11,'view_mosquephoto'),(45,'Can add ? Mosque photos',12,'add_mosquewithphotos'),(46,'Can change ? Mosque photos',12,'change_mosquewithphotos'),(47,'Can delete ? Mosque photos',12,'delete_mosquewithphotos'),(48,'Can view ? Mosque photos',12,'view_mosquewithphotos'),(49,'Can add site',13,'add_site'),(50,'Can change site',13,'change_site'),(51,'Can delete site',13,'delete_site'),(52,'Can view site',13,'view_site'),(53,'Can add access attempt',14,'add_accessattempt'),(54,'Can change access attempt',14,'change_accessattempt'),(55,'Can delete access attempt',14,'delete_accessattempt'),(56,'Can view access attempt',14,'view_accessattempt'),(57,'Can add access log',15,'add_accesslog'),(58,'Can change access log',15,'change_accesslog'),(59,'Can delete access log',15,'delete_accesslog'),(60,'Can view access log',15,'view_accesslog'),(61,'Can add access failure',16,'add_accessfailurelog'),(62,'Can change access failure',16,'change_accessfailurelog'),(63,'Can delete access failure',16,'delete_accessfailurelog'),(64,'Can view access failure',16,'view_accessfailurelog'),(65,'Can add access attempt expiration',17,'add_accessattemptexpiration'),(66,'Can change access attempt expiration',17,'change_accessattemptexpiration'),(67,'Can delete access attempt expiration',17,'delete_accessattemptexpiration'),(68,'Can view access attempt expiration',17,'view_accessattemptexpiration'),(69,'Can add login attempt',18,'add_loginattempt'),(70,'Can change login attempt',18,'change_loginattempt'),(71,'Can delete login attempt',18,'delete_loginattempt'),(72,'Can view login attempt',18,'view_loginattempt');
/* SQLINES DEMO *** LE `auth_permission` ENABLE KEYS */;
UNLOCK TABLES;

--
-- SQLINES DEMO *** or table `auth_user`
--

DROP TABLE IF EXISTS auth_user;
/* SQLINES DEMO *** d_cs_client     = @@character_set_client */;
/* SQLINES DEMO *** cter_set_client = utf8mb4 */;
CREATE TABLE auth_user (
  id int NOT NULL GENERATED ALWAYS AS IDENTITY,
  password varchar(128) NOT NULL,
  last_login timestamp(6) DEFAULT NULL,
  is_superuser smallint NOT NULL,
  username varchar(150) NOT NULL,
  first_name varchar(150) NOT NULL,
  last_name varchar(150) NOT NULL,
  email varchar(254) NOT NULL,
  is_staff smallint NOT NULL,
  is_active smallint NOT NULL,
  date_joined timestamp(6) NOT NULL,
  PRIMARY KEY (id),
  CONSTRAINT username UNIQUE (username)
)  ;

ALTER SEQUENCE auth_user_seq RESTART WITH 2;
/* SQLINES DEMO *** cter_set_client = @saved_cs_client */;

--
-- SQLINES DEMO *** table `auth_user`
--

LOCK TABLES auth_user WRITE;
/* SQLINES DEMO *** LE `auth_user` DISABLE KEYS */;
INSERT INTO auth_user VALUES (1,'pbkdf2_sha256$870000$1CZRurP4b1KvhNVsx6ch5V$8bIE27LDhB/Y5+j6clSI0SRmDTw526Z48FGEh6OCsV8=','2026-02-11 00:00:17.638499',1,'marcopolo67','','','jack.meyers@yahoo.fr',1,1,'2026-01-22 00:51:26.348658');
/* SQLINES DEMO *** LE `auth_user` ENABLE KEYS */;
UNLOCK TABLES;

--
-- SQLINES DEMO *** or table `auth_user_groups`
--

DROP TABLE IF EXISTS auth_user_groups;
/* SQLINES DEMO *** d_cs_client     = @@character_set_client */;
/* SQLINES DEMO *** cter_set_client = utf8mb4 */;
CREATE TABLE auth_user_groups (
  id bigint NOT NULL GENERATED ALWAYS AS IDENTITY,
  user_id int NOT NULL,
  group_id int NOT NULL,
  PRIMARY KEY (id),
  CONSTRAINT auth_user_groups_user_id_group_id_94350c0c_uniq UNIQUE (user_id,group_id)
,
  CONSTRAINT auth_user_groups_group_id_97559544_fk_auth_group_id FOREIGN KEY (group_id) REFERENCES auth_group (id),
  CONSTRAINT auth_user_groups_user_id_6a12ed8b_fk_auth_user_id FOREIGN KEY (user_id) REFERENCES auth_user (id)
) ;

CREATE INDEX auth_user_groups_group_id_97559544_fk_auth_group_id ON auth_user_groups (group_id);
/* SQLINES DEMO *** cter_set_client = @saved_cs_client */;

--
-- SQLINES DEMO *** table `auth_user_groups`
--

LOCK TABLES auth_user_groups WRITE;
/* SQLINES DEMO *** LE `auth_user_groups` DISABLE KEYS */;
/* SQLINES DEMO *** LE `auth_user_groups` ENABLE KEYS */;
UNLOCK TABLES;

--
-- SQLINES DEMO *** or table `auth_user_user_permissions`
--

DROP TABLE IF EXISTS auth_user_user_permissions;
/* SQLINES DEMO *** d_cs_client     = @@character_set_client */;
/* SQLINES DEMO *** cter_set_client = utf8mb4 */;
CREATE TABLE auth_user_user_permissions (
  id bigint NOT NULL GENERATED ALWAYS AS IDENTITY,
  user_id int NOT NULL,
  permission_id int NOT NULL,
  PRIMARY KEY (id),
  CONSTRAINT auth_user_user_permissions_user_id_permission_id_14a6b632_uniq UNIQUE (user_id,permission_id)
,
  CONSTRAINT auth_user_user_permi_permission_id_1fbb5f2c_fk_auth_perm FOREIGN KEY (permission_id) REFERENCES auth_permission (id),
  CONSTRAINT auth_user_user_permissions_user_id_a95ead1b_fk_auth_user_id FOREIGN KEY (user_id) REFERENCES auth_user (id)
) ;

CREATE INDEX auth_user_user_permi_permission_id_1fbb5f2c_fk_auth_perm ON auth_user_user_permissions (permission_id);
/* SQLINES DEMO *** cter_set_client = @saved_cs_client */;

--
-- SQLINES DEMO *** table `auth_user_user_permissions`
--

LOCK TABLES auth_user_user_permissions WRITE;
/* SQLINES DEMO *** LE `auth_user_user_permissions` DISABLE KEYS */;
/* SQLINES DEMO *** LE `auth_user_user_permissions` ENABLE KEYS */;
UNLOCK TABLES;

--
-- SQLINES DEMO *** or table `axes_accessattempt`
--

DROP TABLE IF EXISTS axes_accessattempt;
/* SQLINES DEMO *** d_cs_client     = @@character_set_client */;
/* SQLINES DEMO *** cter_set_client = utf8mb4 */;
CREATE TABLE axes_accessattempt (
  id int NOT NULL GENERATED ALWAYS AS IDENTITY,
  user_agent varchar(255) NOT NULL,
  ip_address char(39) DEFAULT NULL,
  username varchar(255) DEFAULT NULL,
  http_accept varchar(1025) NOT NULL,
  path_info varchar(255) NOT NULL,
  attempt_time timestamp(6) NOT NULL,
  get_data text NOT NULL,
  post_data text NOT NULL,
  failures_since_start int check (failures_since_start > 0) NOT NULL,
  PRIMARY KEY (id),
  CONSTRAINT axes_accessattempt_username_ip_address_user_agent_8ea22282_uniq UNIQUE (username,ip_address,user_agent)
,
  CONSTRAINT axes_accessattempt_chk_1 CHECK ((failures_since_start >= 0))
)  ;

ALTER SEQUENCE axes_accessattempt_seq RESTART WITH 6;
/* SQLINES DEMO *** cter_set_client = @saved_cs_client */;

CREATE INDEX axes_accessattempt_ip_address_10922d9c ON axes_accessattempt (ip_address);
CREATE INDEX axes_accessattempt_user_agent_ad89678b ON axes_accessattempt (user_agent);
CREATE INDEX axes_accessattempt_username_3f2d4ca0 ON axes_accessattempt (username);

--
-- SQLINES DEMO *** table `axes_accessattempt`
--

LOCK TABLES axes_accessattempt WRITE;
/* SQLINES DEMO *** LE `axes_accessattempt` DISABLE KEYS */;
/* SQLINES DEMO *** LE `axes_accessattempt` ENABLE KEYS */;
UNLOCK TABLES;

--
-- SQLINES DEMO *** or table `axes_accessattemptexpiration`
--

DROP TABLE IF EXISTS axes_accessattemptexpiration;
/* SQLINES DEMO *** d_cs_client     = @@character_set_client */;
/* SQLINES DEMO *** cter_set_client = utf8mb4 */;
CREATE TABLE axes_accessattemptexpiration (
  access_attempt_id int NOT NULL,
  expires_at timestamp(6) NOT NULL,
  PRIMARY KEY (access_attempt_id),
  CONSTRAINT axes_accessattemptex_access_attempt_id_6b73a47a_fk_axes_acce FOREIGN KEY (access_attempt_id) REFERENCES axes_accessattempt (id)
) ;
/* SQLINES DEMO *** cter_set_client = @saved_cs_client */;

--
-- SQLINES DEMO *** table `axes_accessattemptexpiration`
--

LOCK TABLES axes_accessattemptexpiration WRITE;
/* SQLINES DEMO *** LE `axes_accessattemptexpiration` DISABLE KEYS */;
/* SQLINES DEMO *** LE `axes_accessattemptexpiration` ENABLE KEYS */;
UNLOCK TABLES;

--
-- SQLINES DEMO *** or table `axes_accessfailurelog`
--

DROP TABLE IF EXISTS axes_accessfailurelog;
/* SQLINES DEMO *** d_cs_client     = @@character_set_client */;
/* SQLINES DEMO *** cter_set_client = utf8mb4 */;
CREATE TABLE axes_accessfailurelog (
  id int NOT NULL GENERATED ALWAYS AS IDENTITY,
  user_agent varchar(255) NOT NULL,
  ip_address char(39) DEFAULT NULL,
  username varchar(255) DEFAULT NULL,
  http_accept varchar(1025) NOT NULL,
  path_info varchar(255) NOT NULL,
  attempt_time timestamp(6) NOT NULL,
  locked_out smallint NOT NULL,
  PRIMARY KEY (id)
) ;

CREATE INDEX axes_accessfailurelog_user_agent_ea145dda ON axes_accessfailurelog (user_agent);
CREATE INDEX axes_accessfailurelog_ip_address_2e9f5a7f ON axes_accessfailurelog (ip_address);
CREATE INDEX axes_accessfailurelog_username_a8b7e8a4 ON axes_accessfailurelog (username);
/* SQLINES DEMO *** cter_set_client = @saved_cs_client */;

--
-- SQLINES DEMO *** table `axes_accessfailurelog`
--

LOCK TABLES axes_accessfailurelog WRITE;
/* SQLINES DEMO *** LE `axes_accessfailurelog` DISABLE KEYS */;
/* SQLINES DEMO *** LE `axes_accessfailurelog` ENABLE KEYS */;
UNLOCK TABLES;

--
-- SQLINES DEMO *** or table `axes_accesslog`
--

DROP TABLE IF EXISTS axes_accesslog;
/* SQLINES DEMO *** d_cs_client     = @@character_set_client */;
/* SQLINES DEMO *** cter_set_client = utf8mb4 */;
CREATE TABLE axes_accesslog (
  id int NOT NULL GENERATED ALWAYS AS IDENTITY,
  user_agent varchar(255) NOT NULL,
  ip_address char(39) DEFAULT NULL,
  username varchar(255) DEFAULT NULL,
  http_accept varchar(1025) NOT NULL,
  path_info varchar(255) NOT NULL,
  attempt_time timestamp(6) NOT NULL,
  logout_time timestamp(6) DEFAULT NULL,
  session_hash varchar(64) NOT NULL,
  PRIMARY KEY (id)
)  ;

ALTER SEQUENCE axes_accesslog_seq RESTART WITH 5;
/* SQLINES DEMO *** cter_set_client = @saved_cs_client */;

CREATE INDEX axes_accesslog_ip_address_86b417e5 ON axes_accesslog (ip_address);
CREATE INDEX axes_accesslog_user_agent_0e659004 ON axes_accesslog (user_agent);
CREATE INDEX axes_accesslog_username_df93064b ON axes_accesslog (username);

--
-- SQLINES DEMO *** table `axes_accesslog`
--

LOCK TABLES axes_accesslog WRITE;
/* SQLINES DEMO *** LE `axes_accesslog` DISABLE KEYS */;
INSERT INTO axes_accesslog VALUES (1,'Mozilla/5.0 (Windows NT 10.0; Win64; x64) AppleWebKit/537.36 (KHTML, like Gecko) Chrome/144.0.0.0 Safari/537.36','127.0.0.1','marcopolo67','text/html,application/xhtml+xml,application/xml;q=0.9,image/avif,image/webp,image/apng,*/*;q=0.8,application/signed-exchange;v=b3;q=0.7','/secure-admin-5921/login/','2026-02-04 01:39:39.066406','2026-02-04 23:14:24.862102','3144de75e403200b5aa9850702e660ddefcf6e731c752ada2042d6a3feff6883'),(2,'Mozilla/5.0 (Windows NT 10.0; Win64; x64) AppleWebKit/537.36 (KHTML, like Gecko) Chrome/144.0.0.0 Safari/537.36','127.0.0.1','marcopolo67','text/html,application/xhtml+xml,application/xml;q=0.9,image/avif,image/webp,image/apng,*/*;q=0.8,application/signed-exchange;v=b3;q=0.7','/fr/secure-admin-5921/login/','2026-02-04 23:22:14.610066',NULL,'d6157e75500b474b835d0ac9de3f0121898c1ad4c07c20a9d227ff550f8c9d88'),(3,'Mozilla/5.0 (Windows NT 10.0; Win64; x64) AppleWebKit/537.36 (KHTML, like Gecko) Chrome/144.0.0.0 Safari/537.36','127.0.0.1','marcopolo67','text/html,application/xhtml+xml,application/xml;q=0.9,image/avif,image/webp,image/apng,*/*;q=0.8,application/signed-exchange;v=b3;q=0.7','/fr/secure-admin-5921/login/','2026-02-10 23:59:51.364156','2026-02-10 23:59:57.117524','bba9148e5b0ba4c7f11b2761667df821f8ca4cb81331ba25b1d210395ebd97cb'),(4,'Mozilla/5.0 (Windows NT 10.0; Win64; x64) AppleWebKit/537.36 (KHTML, like Gecko) Chrome/144.0.0.0 Safari/537.36','127.0.0.1','marcopolo67','text/html,application/xhtml+xml,application/xml;q=0.9,image/avif,image/webp,image/apng,*/*;q=0.8,application/signed-exchange;v=b3;q=0.7','/fr/secure-admin-5921/login/','2026-02-11 00:00:17.632751','2026-02-11 00:00:19.983421','18585cf85f68676e759bcd536fd6271117973ef9e34b6fd17b8c92dcae1b8005');
/* SQLINES DEMO *** LE `axes_accesslog` ENABLE KEYS */;
UNLOCK TABLES;

--
-- SQLINES DEMO *** or table `django_admin_log`
--

DROP TABLE IF EXISTS django_admin_log;
/* SQLINES DEMO *** d_cs_client     = @@character_set_client */;
/* SQLINES DEMO *** cter_set_client = utf8mb4 */;
CREATE TABLE django_admin_log (
  id int NOT NULL GENERATED ALWAYS AS IDENTITY,
  action_time timestamp(6) NOT NULL,
  object_id text,
  object_repr varchar(200) NOT NULL,
  action_flag smallint check (action_flag > 0) NOT NULL,
  change_message text NOT NULL,
  content_type_id int DEFAULT NULL,
  user_id int NOT NULL,
  PRIMARY KEY (id)
,
  CONSTRAINT django_admin_log_content_type_id_c4bce8eb_fk_django_co FOREIGN KEY (content_type_id) REFERENCES django_content_type (id),
  CONSTRAINT django_admin_log_user_id_c564eba6_fk_auth_user_id FOREIGN KEY (user_id) REFERENCES auth_user (id),
  CONSTRAINT django_admin_log_chk_1 CHECK ((action_flag >= 0))
)  ;

ALTER SEQUENCE django_admin_log_seq RESTART WITH 94;
/* SQLINES DEMO *** cter_set_client = @saved_cs_client */;

CREATE INDEX django_admin_log_content_type_id_c4bce8eb_fk_django_co ON django_admin_log (content_type_id);
CREATE INDEX django_admin_log_user_id_c564eba6_fk_auth_user_id ON django_admin_log (user_id);

--
-- SQLINES DEMO *** table `django_admin_log`
--

LOCK TABLES django_admin_log WRITE;
/* SQLINES DEMO *** LE `django_admin_log` DISABLE KEYS */;
INSERT INTO django_admin_log VALUES (1,'2026-01-22 02:01:03.369561','1','Proposition: La garnde Mosquée d'Alger (Approuvée)',2,'[{"changed": {"fields": ["Statut", "ud83dudcf8 Tu00e9lu00e9charger des photos"]}}]',10,1),(2,'2026-01-22 02:01:08.074850','1','La garnde Mosquée d'Alger (Alger, Alger)',2,'[{"changed": {"fields": ["ud83dudcf8 Tu00e9lu00e9charger des photos"]}}]',9,1),(3,'2026-01-24 19:56:20.442355','1','La garnde Mosquée d'Alger (Alger, Alger)',3,'',9,1),(4,'2026-01-24 19:56:37.706866','1','Proposition: La garnde Mosquée d'Alger (Approuvée)',3,'',10,1),(5,'2026-01-24 21:34:07.507579','2','Proposition: جامع الـجزائر (Approuvée)',2,'[{"changed": {"fields": ["Statut", "ud83dudcf8 Tu00e9lu00e9charger des photos"]}}]',10,1),(6,'2026-01-24 21:34:13.234598','2','جامع الـجزائر (الحراش, Alger)',2,'[{"changed": {"fields": ["ud83dudcf8 Tu00e9lu00e9charger des photos"]}}]',9,1),(7,'2026-01-25 00:32:43.389187','2','جامع الـجزائر (الحراش, Alger)',2,'[{"changed": {"fields": ["ud83dudcf8 Tu00e9lu00e9charger des photos"]}}]',9,1),(8,'2026-01-25 21:02:37.097187','2','جامع الـجزائر (الحراش, Alger)',2,'[{"changed": {"fields": ["ud83dudcf8 Tu00e9lu00e9charger des photos"]}}]',9,1),(9,'2026-01-25 23:52:38.003841','2','جامع الـجزائر (الحراش, Alger)',2,'[{"changed": {"fields": ["ud83dudcf8 Tu00e9lu00e9charger des photos"]}}]',9,1),(10,'2026-01-26 19:36:47.338911','3','Proposition: La garnde Mosquée de Paris (En attente)',2,'[{"changed": {"fields": ["ud83dudcf8 Tu00e9lu00e9charger des photos"]}}]',10,1),(11,'2026-01-26 19:37:01.583062','3','La garnde Mosquée de Paris (Paris)',2,'[{"changed": {"fields": ["ud83dudcf8 Tu00e9lu00e9charger des photos"]}}]',9,1),(12,'2026-01-27 18:07:10.572742','4','Proposition: La mosquée Bleue (Approuvée)',2,'[{"changed": {"fields": ["Statut", "ud83dudcf8 Tu00e9lu00e9charger des photos"]}}]',10,1),(13,'2026-01-27 18:09:09.481185','4','La mosquée Bleue (Istanboul)',2,'[{"changed": {"fields": ["ud83dudcf8 Tu00e9lu00e9charger des photos", "Description [ar]", "Historique [ar]", "Description [en]", "Historique [en]"]}}]',9,1),(14,'2026-01-27 20:54:29.530782','4','La mosquée Bleue (Istanboul)',2,'[{"changed": {"fields": ["ud83dudcf8 Tu00e9lu00e9charger des photos", "Historique [ar]", "Historique [en]"]}}]',9,1),(15,'2026-01-27 21:13:39.797801','5','Proposition: a_effacer (En attente)',3,'',10,1),(16,'2026-01-27 23:44:42.204680','7','Proposition: microsoft (En attente)',1,'[{"added": {}}]',10,1),(18,'2026-01-27 23:53:15.712242','7','Proposition: microsoft (Approuvée)',2,'[{"changed": {"fields": ["Statut", "ud83dudcf8 Tu00e9lu00e9charger des photos"]}}]',10,1),(19,'2026-01-27 23:54:29.658888','6','microsoft (a_effacer, a_effacer)',3,'',9,1),(20,'2026-01-28 00:02:49.843196','8','Proposition: microsoft (En attente)',1,'[{"added": {}}]',10,1),(21,'2026-01-28 00:33:36.544560','8','Proposition: microsoft (En attente)',3,'',10,1),(22,'2026-01-30 21:37:42.605924','3','La grande Mosquée de Paris (Paris)',2,'[{"changed": {"fields": ["Nom de la mosquu00e9e", "ud83dudcf8 Tu00e9lu00e9charger des photos"]}}]',9,1),(23,'2026-01-30 21:42:34.207525','6','Proposition: a_effacer (En attente)',3,'',10,1),(24,'2026-01-30 23:18:26.515230','9','Proposition: المسجد الحرام (Approuvée)',1,'[{"added": {}}]',10,1),(25,'2026-01-30 23:23:03.333283','10','Proposition: a_effacer (En attente)',3,'',10,1),(26,'2026-01-30 23:41:26.975004','7','المسجد الحرام (مكة المكرمة)',1,'[{"added": {}}]',9,1),(27,'2026-01-31 00:09:03.548860','7','المسجد الحرام (مكة المكرمة)',3,'',9,1),(28,'2026-01-31 00:11:43.652647','8','المسجد الحرام (مكة المكرمة)',1,'[{"added": {}}]',9,1),(29,'2026-01-31 00:12:37.296933','8','المسجد الحرام (مكة المكرمة)',2,'[{"changed": {"fields": ["ud83dudcf8 Tu00e9lu00e9charger des photos", "Historique"]}}]',9,1),(30,'2026-01-31 00:13:32.915167','8','المسجد الحرام (مكة المكرمة)',3,'',9,1),(34,'2026-01-31 20:14:18.070130','11','Proposition: الْمَسْجِدُ ٱلْحَرَام (Approuvée)',2,'[{"changed": {"fields": ["Statut", "ud83dudcf8 Tu00e9lu00e9charger des photos"]}}]',10,1),(35,'2026-01-31 20:15:05.787811','9','الْمَسْجِدُ ٱلْحَرَام (مكة المكرمة)',2,'[{"changed": {"fields": ["Pays (Su00e9lectionner)", "Pays", "ud83dudcf8 Tu00e9lu00e9charger des photos"]}}]',9,1),(36,'2026-01-31 22:26:34.123496','4','La mosquée Bleue (Istanboul)',2,'[{"changed": {"fields": ["Pays (Su00e9lectionner)", "ud83dudcf8 Tu00e9lu00e9charger des photos"]}}]',9,1),(37,'2026-01-31 22:26:55.791246','3','La grande Mosquée de Paris (Paris)',2,'[{"changed": {"fields": ["Pays (Su00e9lectionner)", "ud83dudcf8 Tu00e9lu00e9charger des photos"]}}]',9,1),(38,'2026-01-31 23:55:43.430696','12','Proposition: a_effacer (Approuvée)',2,'[{"changed": {"fields": ["Statut", "ud83dudcf8 Tu00e9lu00e9charger des photos"]}}]',10,1),(39,'2026-01-31 23:59:16.185739','10','a_effacer (a_effacer)',2,'[{"changed": {"fields": ["Pays (Su00e9lectionner)", "ud83dudcf8 Tu00e9lu00e9charger des photos"]}}]',9,1),(40,'2026-02-01 00:00:01.361415','10','a_effacer (Lille)',2,'[{"changed": {"fields": ["Ville/Commune", "ud83dudcf8 Tu00e9lu00e9charger des photos"]}}]',9,1),(41,'2026-02-01 00:00:40.231179','10','a_effacer (Lille)',3,'',9,1),(42,'2026-02-01 00:03:21.909377','13','Proposition: a_effacer (Approuvée)',2,'[{"changed": {"fields": ["Statut", "ud83dudcf8 Tu00e9lu00e9charger des photos"]}}]',10,1),(43,'2026-02-01 00:03:52.960053','11','a_effacer (Lille)',2,'[{"changed": {"fields": ["Pays (Su00e9lectionner)", "ud83dudcf8 Tu00e9lu00e9charger des photos"]}}]',9,1),(44,'2026-02-01 00:05:06.760429','11','a_effacer (Lille)',3,'',9,1),(45,'2026-02-01 00:08:41.298044','14','Proposition: أمسح (Approuvée)',2,'[{"changed": {"fields": ["Statut", "ud83dudcf8 Tu00e9lu00e9charger des photos"]}}]',10,1),(46,'2026-02-01 00:09:10.854227','12','أمسح (تونس)',2,'[{"changed": {"fields": ["Pays (Su00e9lectionner)", "ud83dudcf8 Tu00e9lu00e9charger des photos"]}}]',9,1),(47,'2026-02-01 00:10:39.557556','12','أمسح (تونس)',2,'[{"changed": {"fields": ["ud83dudcf8 Tu00e9lu00e9charger des photos", "Description", "Historique"]}}]',9,1),(48,'2026-02-01 00:11:38.144268','12','أمسح (تونس)',2,'[{"changed": {"fields": ["ud83dudcf8 Tu00e9lu00e9charger des photos", "Description", "Historique"]}}]',9,1),(49,'2026-02-01 00:12:10.863535','12','أمسح (تونس)',3,'',9,1),(50,'2026-02-01 00:13:50.724781','15','Proposition: a_effacer (Approuvée)',2,'[{"changed": {"fields": ["Statut", "ud83dudcf8 Tu00e9lu00e9charger des photos"]}}]',10,1),(51,'2026-02-01 00:14:14.004911','13','a_effacer (tunis)',2,'[{"changed": {"fields": ["Pays (Su00e9lectionner)", "ud83dudcf8 Tu00e9lu00e9charger des photos"]}}]',9,1),(52,'2026-02-01 00:14:59.602960','13','a_effacer (tunis)',2,'[{"changed": {"fields": ["ud83dudcf8 Tu00e9lu00e9charger des photos"]}}]',9,1),(53,'2026-02-01 00:15:53.027120','13','a_effacer (tunis)',3,'',9,1),(54,'2026-02-01 01:05:51.306711','16','Proposition: a_effacer (Approuvée)',2,'[{"changed": {"fields": ["Statut", "ud83dudcf8 Tu00e9lu00e9charger des photos"]}}]',10,1),(55,'2026-02-01 01:06:24.422252','14','a_effacer (a_effacer)',2,'[{"changed": {"fields": ["Pays (Su00e9lectionner)", "ud83dudcf8 Tu00e9lu00e9charger des photos"]}}]',9,1),(56,'2026-02-01 01:07:18.501718','14','a_effacer (a_effacer)',3,'',9,1),(57,'2026-02-01 01:09:37.339127','17','Proposition: a_effacer (Approuvée)',2,'[{"changed": {"fields": ["Statut", "ud83dudcf8 Tu00e9lu00e9charger des photos"]}}]',10,1),(58,'2026-02-01 01:09:57.426419','15','a_effacer (Tunis)',2,'[{"changed": {"fields": ["Pays (Su00e9lectionner)", "ud83dudcf8 Tu00e9lu00e9charger des photos"]}}]',9,1),(59,'2026-02-01 01:10:38.254454','15','a_effacer (Tunis)',3,'',9,1),(60,'2026-02-01 01:12:38.051600','18','Proposition: a_effacer (Approuvée)',2,'[{"changed": {"fields": ["Statut", "ud83dudcf8 Tu00e9lu00e9charger des photos"]}}]',10,1),(61,'2026-02-01 01:12:58.357099','16','a_effacer (tunis)',2,'[{"changed": {"fields": ["Pays (Su00e9lectionner)", "ud83dudcf8 Tu00e9lu00e9charger des photos"]}}]',9,1),(62,'2026-02-01 01:13:38.186874','16','a_effacer (tunis)',2,'[{"changed": {"fields": ["ud83dudcf8 Tu00e9lu00e9charger des photos"]}}]',9,1),(63,'2026-02-01 01:14:42.822566','16','a_effacer (tunis)',2,'[{"changed": {"fields": ["Pays", "ud83dudcf8 Tu00e9lu00e9charger des photos"]}}]',9,1),(64,'2026-02-01 01:15:26.022015','16','a_effacer (tunis)',3,'',9,1),(65,'2026-02-01 01:30:37.130824','19','Proposition: a_effacer (Approuvée)',2,'[{"changed": {"fields": ["Statut", "ud83dudcf8 Tu00e9lu00e9charger des photos"]}}]',10,1),(66,'2026-02-01 01:30:53.596037','17','a_effacer (tunis)',2,'[{"changed": {"fields": ["Pays (Su00e9lectionner)", "ud83dudcf8 Tu00e9lu00e9charger des photos"]}}]',9,1),(67,'2026-02-01 01:31:27.873873','17','a_effacer (tunis)',3,'',9,1),(68,'2026-02-01 01:52:43.219177','20','Proposition: a_effacer (En attente)',3,'',10,1),(69,'2026-02-01 01:55:26.513259','21','Proposition: a_effacer (Approuvée)',2,'[{"changed": {"fields": ["Statut", "ud83dudcf8 Tu00e9lu00e9charger des photos"]}}]',10,1),(70,'2026-02-01 01:55:49.283755','18','a_effacer (Annaba, Annaba)',2,'[{"changed": {"fields": ["Pays (Su00e9lectionner)", "ud83dudcf8 Tu00e9lu00e9charger des photos"]}}]',9,1),(71,'2026-02-01 01:56:50.840632','18','a_effacer (Annaba, Annaba)',2,'[{"changed": {"fields": ["ud83dudcf8 Tu00e9lu00e9charger des photos"]}}]',9,1),(72,'2026-02-01 02:00:03.978532','18','a_effacer (Annaba, Annaba)',3,'',9,1),(73,'2026-02-01 02:01:51.130199','22','Proposition: a_effacer (Approuvée)',2,'[{"changed": {"fields": ["Statut", "ud83dudcf8 Tu00e9lu00e9charger des photos"]}}]',10,1),(74,'2026-02-01 02:02:08.300171','19','a_effacer (Annaba, Annaba)',2,'[{"changed": {"fields": ["Pays (Su00e9lectionner)", "ud83dudcf8 Tu00e9lu00e9charger des photos"]}}]',9,1),(75,'2026-02-01 02:02:45.060485','19','a_effacer (Annaba, Annaba)',3,'',9,1),(76,'2026-02-01 02:04:16.214501','23','Proposition: a_effacer (Approuvée)',2,'[{"changed": {"fields": ["Statut", "ud83dudcf8 Tu00e9lu00e9charger des photos"]}}]',10,1),(77,'2026-02-01 02:04:36.866813','20','a_effacer (Annaba, Annaba)',2,'[{"changed": {"fields": ["Pays (Su00e9lectionner)", "ud83dudcf8 Tu00e9lu00e9charger des photos"]}}]',9,1),(78,'2026-02-01 02:22:40.741319','20','a_effacer (Annaba, Annaba)',3,'',9,1),(79,'2026-02-01 02:24:00.061278','24','Proposition: a_effacer (Approuvée)',2,'[{"changed": {"fields": ["Statut", "ud83dudcf8 Tu00e9lu00e9charger des photos"]}}]',10,1),(80,'2026-02-01 02:24:34.406496','21','a_effacer (annaba, Annaba)',2,'[{"changed": {"fields": ["Pays (Su00e9lectionner)", "ud83dudcf8 Tu00e9lu00e9charger des photos"]}}]',9,1),(81,'2026-02-01 22:26:32.498890','21','a_effacer (annaba, Annaba)',2,'[{"changed": {"fields": ["Pays", "ud83dudcf8 Tu00e9lu00e9charger des photos"]}}]',9,1),(82,'2026-02-01 22:28:11.578275','21','a_effacer (annaba, Annaba)',2,'[{"changed": {"fields": ["Pays", "ud83dudcf8 Tu00e9lu00e9charger des photos"]}}]',9,1),(83,'2026-02-01 23:04:26.338148','2','جامع الـجزائر (الحراش, Alger)',2,'[{"changed": {"fields": ["Pays", "ud83dudcf8 Tu00e9lu00e9charger des photos"]}}]',9,1),(84,'2026-02-01 23:07:27.145357','2','جامع الـجزائر (الحراش, Alger)',2,'[{"changed": {"fields": ["Pays", "ud83dudcf8 Tu00e9lu00e9charger des photos"]}}]',9,1),(85,'2026-02-02 00:36:58.832606','21','a_effacer (annaba, Annaba)',3,'',9,1),(86,'2026-02-03 01:46:38.405627','9','الْمَسْجِدُ ٱلْحَرَام (مكة المكرمة)',2,'[{"changed": {"fields": ["ud83dudcf8 Tu00e9lu00e9charger des photos", "Description", "Historique"]}}]',9,1),(87,'2026-02-03 01:47:36.973394','9','الْمَسْجِدُ ٱلْحَرَام (مكة المكرمة)',2,'[{"changed": {"fields": ["ud83dudcf8 Tu00e9lu00e9charger des photos", "Historique"]}}]',9,1),(88,'2026-02-03 01:48:30.597866','9','الْمَسْجِدُ ٱلْحَرَام (مكة المكرمة)',2,'[{"changed": {"fields": ["ud83dudcf8 Tu00e9lu00e9charger des photos", "Description"]}}]',9,1),(89,'2026-02-04 22:16:48.754258','25','Proposition: a_effacer (En attente)',3,'',10,1),(90,'2026-02-07 16:52:54.794026','2','جامع الـجزائر (الحراش, Alger)',2,'[{"changed": {"fields": ["ud83dudcf8 Tu00e9lu00e9charger des photos"]}}]',9,1),(91,'2026-02-07 19:12:01.988320','2','جامع الـجزائر (الحراش, Alger)',2,'[{"changed": {"fields": ["ud83dudcf8 Tu00e9lu00e9charger des photos"]}}]',9,1),(92,'2026-02-07 22:10:20.024785','2','جامع الـجزائر (الحراش, Alger)',2,'[{"changed": {"fields": ["ud83dudcf8 Tu00e9lu00e9charger des photos"]}}]',9,1),(93,'2026-02-09 18:54:49.525226','2','جامع الـجزائر (الحراش, Alger)',2,'[{"changed": {"fields": ["ud83dudcf8 Tu00e9lu00e9charger des photos"]}}]',9,1);
/* SQLINES DEMO *** LE `django_admin_log` ENABLE KEYS */;
UNLOCK TABLES;

--
-- SQLINES DEMO *** or table `django_content_type`
--

DROP TABLE IF EXISTS django_content_type;
/* SQLINES DEMO *** d_cs_client     = @@character_set_client */;
/* SQLINES DEMO *** cter_set_client = utf8mb4 */;
CREATE TABLE django_content_type (
  id int NOT NULL GENERATED ALWAYS AS IDENTITY,
  app_label varchar(100) NOT NULL,
  model varchar(100) NOT NULL,
  PRIMARY KEY (id),
  CONSTRAINT django_content_type_app_label_model_76bd3d3b_uniq UNIQUE (app_label,model)
)  ;

ALTER SEQUENCE django_content_type_seq RESTART WITH 19;
/* SQLINES DEMO *** cter_set_client = @saved_cs_client */;

--
-- SQLINES DEMO *** table `django_content_type`
--

LOCK TABLES django_content_type WRITE;
/* SQLINES DEMO *** LE `django_content_type` DISABLE KEYS */;
INSERT INTO django_content_type VALUES (1,'admin','logentry'),(18,'admin_honeypot','loginattempt'),(3,'auth','group'),(2,'auth','permission'),(4,'auth','user'),(14,'axes','accessattempt'),(17,'axes','accessattemptexpiration'),(16,'axes','accessfailurelog'),(15,'axes','accesslog'),(5,'contenttypes','contenttype'),(7,'mosques','country'),(9,'mosques','mosque'),(11,'mosques','mosquephoto'),(12,'mosques','mosquewithphotos'),(10,'mosques','proposition'),(8,'mosques','wilaya'),(6,'sessions','session'),(13,'sites','site');
/* SQLINES DEMO *** LE `django_content_type` ENABLE KEYS */;
UNLOCK TABLES;

--
-- SQLINES DEMO *** or table `django_migrations`
--

DROP TABLE IF EXISTS django_migrations;
/* SQLINES DEMO *** d_cs_client     = @@character_set_client */;
/* SQLINES DEMO *** cter_set_client = utf8mb4 */;
CREATE TABLE django_migrations (
  id bigint NOT NULL GENERATED ALWAYS AS IDENTITY,
  app varchar(255) NOT NULL,
  name varchar(255) NOT NULL,
  applied timestamp(6) NOT NULL,
  PRIMARY KEY (id)
)  ;

ALTER SEQUENCE django_migrations_seq RESTART WITH 82;
/* SQLINES DEMO *** cter_set_client = @saved_cs_client */;

--
-- SQLINES DEMO *** table `django_migrations`
--

LOCK TABLES django_migrations WRITE;
/* SQLINES DEMO *** LE `django_migrations` DISABLE KEYS */;
INSERT INTO django_migrations VALUES (1,'contenttypes','0001_initial','2025-12-17 17:37:16.907233'),(2,'auth','0001_initial','2025-12-17 17:37:17.728123'),(3,'admin','0001_initial','2025-12-17 17:37:17.938671'),(4,'admin','0002_logentry_remove_auto_add','2025-12-17 17:37:17.938671'),(5,'admin','0003_logentry_add_action_flag_choices','2025-12-17 17:37:17.956457'),(6,'contenttypes','0002_remove_content_type_name','2025-12-17 17:37:18.077719'),(7,'auth','0002_alter_permission_name_max_length','2025-12-17 17:37:18.150719'),(8,'auth','0003_alter_user_email_max_length','2025-12-17 17:37:18.180714'),(9,'auth','0004_alter_user_username_opts','2025-12-17 17:37:18.189173'),(10,'auth','0005_alter_user_last_login_null','2025-12-17 17:37:18.250053'),(11,'auth','0006_require_contenttypes_0002','2025-12-17 17:37:18.250053'),(12,'auth','0007_alter_validators_add_error_messages','2025-12-17 17:37:18.260037'),(13,'auth','0008_alter_user_username_max_length','2025-12-17 17:37:18.341182'),(14,'auth','0009_alter_user_last_name_max_length','2025-12-17 17:37:18.407973'),(15,'auth','0010_alter_group_name_max_length','2025-12-17 17:37:18.434268'),(16,'auth','0011_update_proxy_permissions','2025-12-17 17:37:18.446107'),(17,'auth','0012_alter_user_first_name_max_length','2025-12-17 17:37:18.514568'),(18,'sessions','0001_initial','2025-12-17 17:37:18.559759'),(20,'mosques','0002_alter_mosque_main_photo','2025-12-17 19:07:37.350986'),(21,'mosques','0003_alter_mosque_main_photo_submission','2025-12-17 20:21:36.208393'),(22,'mosques','0004_rename_submission_proposition_and_more','2025-12-17 20:37:44.672423'),(23,'mosques','0005_alter_proposition_created_at','2025-12-19 03:11:19.964690'),(24,'mosques','0006_mosquephoto','2025-12-19 03:20:34.603827'),(25,'mosques','0007_alter_mosque_options','2025-12-20 23:56:21.610003'),(26,'mosques','0008_alter_wilaya_options','2025-12-21 18:30:15.452875'),(27,'mosques','0009_remove_mosque_main_photo','2025-12-21 22:21:02.355886'),(28,'mosques','0010_alter_mosque_options_mosque_main_photo_and_more','2025-12-22 06:31:01.404998'),(29,'mosques','0011_mosque_international_region','2025-12-23 11:34:37.574777'),(30,'mosques','0012_proposition_latitude_proposition_longitude','2025-12-23 12:15:18.520495'),(31,'mosques','0013_proposition_country','2025-12-23 13:57:11.796520'),(32,'mosques','0014_mosquephoto_image_url','2025-12-23 15:17:38.769391'),(33,'mosques','0015_mosquewithphotos','2025-12-24 11:09:30.773902'),(34,'mosques','0016_mosque_description_ar_mosque_description_en_and_more','2025-12-24 15:26:27.230900'),(35,'mosques','0017_remove_mosque_description_fr_and_more','2025-12-24 16:49:06.778836'),(36,'mosques','0018_remove_mosque_description_ar_mosque_ddescription_ar_and_more','2025-12-24 16:49:06.778836'),(37,'mosques','0019_remove_mosque_ddescription_ar_and_more','2025-12-24 16:49:06.794488'),(38,'mosques','0017_auto_20251224_1909','2025-12-24 18:12:49.028178'),(39,'mosques','0018_country_alter_mosque_description_fr_and_more','2025-12-24 20:28:53.834438'),(40,'mosques','0019_country_code_country_flag_country_name_en_and_more','2025-12-28 23:06:40.950668'),(41,'mosques','0020_alter_country_options_alter_country_code','2025-12-29 20:12:15.780522'),(42,'mosques','0021_country_capital_country_currency_country_gdp_and_more','2025-12-29 20:40:38.660859'),(43,'mosques','0022_alter_country_flag','2025-12-29 21:35:03.412397'),(44,'mosques','0023_alter_country_flag','2025-12-29 22:13:46.899002'),(45,'mosques','0024_country_flag_url','2025-12-30 00:04:27.314643'),(46,'mosques','0025_country_django_country','2026-01-02 20:08:42.253417'),(49,'mosques','0026_country_capital_ar_country_capital_en_and_more','2026-01-02 21:57:48.713211'),(50,'sites','0001_initial','2026-01-03 19:42:42.913086'),(51,'sites','0002_alter_domain_unique','2026-01-03 19:42:42.942638'),(52,'mosques','0027_alter_proposition_photos','2026-01-03 23:17:30.345506'),(53,'mosques','0028_remove_proposition_photos','2026-01-03 23:17:30.345506'),(54,'mosques','0029_proposition_description_ar_and_more','2026-01-05 00:42:25.598444'),(55,'mosques','0030_proposition_photos','2026-01-06 22:36:52.852829'),(56,'mosques','0031_alter_proposition_photos','2026-01-06 23:29:10.859410'),(57,'mosques','0032_alter_proposition_wilaya','2026-01-07 22:28:13.424915'),(58,'mosques','0033_alter_proposition_photos','2026-01-08 21:16:19.358852'),(59,'mosques','0034_alter_proposition_photos','2026-01-10 23:09:04.701240'),(60,'mosques','0035_wilaya_name_en','2026-01-18 03:26:40.396695'),(61,'mosques','0036_alter_proposition_country','2026-01-21 20:03:05.027392'),(62,'mosques','0037_alter_proposition_country','2026-01-21 20:03:05.032595'),(63,'mosques','0038_alter_mosque_wilaya','2026-01-21 21:19:49.072414'),(64,'mosques','0001_initial','2026-01-22 01:35:45.676527'),(65,'mosques','0002_country_language_ar_country_language_en_and_more','2026-01-24 00:09:23.413841'),(66,'mosques','0003_remove_mosque_description_ar_and_more','2026-01-28 01:43:25.815468'),(67,'mosques','0004_mosque_description_ar_mosque_description_en_and_more','2026-01-30 22:28:33.754642'),(68,'axes','0001_initial','2026-02-04 01:15:22.397288'),(69,'axes','0002_auto_20151217_2044','2026-02-04 01:15:22.529932'),(70,'axes','0003_auto_20160322_0929','2026-02-04 01:15:22.555822'),(71,'axes','0004_auto_20181024_1538','2026-02-04 01:15:22.561610'),(72,'axes','0005_remove_accessattempt_trusted','2026-02-04 01:15:22.634511'),(73,'axes','0006_remove_accesslog_trusted','2026-02-04 01:15:22.696095'),(74,'axes','0007_alter_accessattempt_unique_together','2026-02-04 01:15:22.733918'),(75,'axes','0008_accessfailurelog','2026-02-04 01:15:22.806346'),(76,'axes','0009_add_session_hash','2026-02-04 01:15:22.876484'),(77,'axes','0010_accessattemptexpiration','2026-02-04 01:15:22.936345'),(78,'admin_honeypot','0001_initial','2026-02-04 22:33:18.669700'),(79,'admin_honeypot','0002_auto_20160208_0854','2026-02-04 22:33:18.709608'),(80,'admin_honeypot','0003_alter_loginattempt_id','2026-02-04 22:45:08.127419'),(81,'mosques','0005_mosquephoto_caption','2026-02-06 23:20:01.604324');
/* SQLINES DEMO *** LE `django_migrations` ENABLE KEYS */;
UNLOCK TABLES;

--
-- SQLINES DEMO *** or table `django_session`
--

DROP TABLE IF EXISTS django_session;
/* SQLINES DEMO *** d_cs_client     = @@character_set_client */;
/* SQLINES DEMO *** cter_set_client = utf8mb4 */;
CREATE TABLE django_session (
  session_key varchar(40) NOT NULL,
  session_data text NOT NULL,
  expire_date timestamp(6) NOT NULL,
  PRIMARY KEY (session_key)
) ;

CREATE INDEX django_session_expire_date_a5c62663 ON django_session (expire_date);
/* SQLINES DEMO *** cter_set_client = @saved_cs_client */;

--
-- SQLINES DEMO *** table `django_session`
--

LOCK TABLES django_session WRITE;
/* SQLINES DEMO *** LE `django_session` DISABLE KEYS */;
INSERT INTO django_session VALUES ('5hqpzoy75ec3ypotvtfklv9j387h480x','.eJxVjDkOwjAUBe_iGlkfL1ko6XMGy_4LDiBbipMKcXeIlALaNzPvpULc1hy2xkuYSV3UWZ1-txTxwWUHdI_lVjXWsi5z0ruiD9r0VImf18P9O8ix5W-N5JDEWMEIiGzdyIlJkvPcG-nZe_EmGWZ2QN6MDpIwDGAHiNh1ot4fMEM5TA:1viiva:_KITUCyA7-fVzQQpKTrlbcxxpHutwLq6FCrtsgJ5dB8','2026-02-05 00:52:02.691887'),('qno1yixchxbaaqfhzi1udsivodg3iy8o','.eJxVjEEOwiAQAP_C2RBBYKlH776B7MIiVQNJaU_GvytJD3qdmcxLBNzWErbOS5iTOAslDr-MMD64DpHuWG9NxlbXZSY5ErnbLq8t8fOyt3-Dgr2MrQLwWhMbIqu1PXlI-mhM5gxGwYTfwGVj2KHHmBi0jZEoOcrgeULx_gDF5zgK:1vlajq:_y_mIo2IJO6tR8kBov4yEBVd0QvVnFn_DFjVNMvEU8M','2026-02-12 22:43:46.444200');
/* SQLINES DEMO *** LE `django_session` ENABLE KEYS */;
UNLOCK TABLES;

--
-- SQLINES DEMO *** or table `django_site`
--

DROP TABLE IF EXISTS django_site;
/* SQLINES DEMO *** d_cs_client     = @@character_set_client */;
/* SQLINES DEMO *** cter_set_client = utf8mb4 */;
CREATE TABLE django_site (
  id int NOT NULL GENERATED ALWAYS AS IDENTITY,
  domain varchar(100) NOT NULL,
  name varchar(50) NOT NULL,
  PRIMARY KEY (id),
  CONSTRAINT django_site_domain_a2e37b91_uniq UNIQUE (domain)
)  ;

ALTER SEQUENCE django_site_seq RESTART WITH 2;
/* SQLINES DEMO *** cter_set_client = @saved_cs_client */;

--
-- SQLINES DEMO *** table `django_site`
--

LOCK TABLES django_site WRITE;
/* SQLINES DEMO *** LE `django_site` DISABLE KEYS */;
INSERT INTO django_site VALUES (1,'example.com','example.com');
/* SQLINES DEMO *** LE `django_site` ENABLE KEYS */;
UNLOCK TABLES;

--
-- SQLINES DEMO *** or table `mosques_country`
--

DROP TABLE IF EXISTS mosques_country;
/* SQLINES DEMO *** d_cs_client     = @@character_set_client */;
/* SQLINES DEMO *** cter_set_client = utf8mb4 */;
CREATE TABLE mosques_country (
  id bigint NOT NULL GENERATED ALWAYS AS IDENTITY,
  name_fr varchar(100) NOT NULL,
  name_ar varchar(100) NOT NULL,
  continent varchar(2) NOT NULL,
  code varchar(10) NOT NULL,
  flag varchar(150) NOT NULL,
  name_en varchar(100) NOT NULL,
  capital varchar(100) NOT NULL,
  currency varchar(50) NOT NULL,
  gdp double precision DEFAULT NULL,
  population bigint NOT NULL,
  flag_url varchar(300) NOT NULL,
  django_country varchar(2) DEFAULT NULL,
  capital_ar varchar(100) NOT NULL,
  capital_en varchar(100) NOT NULL,
  capital_fr varchar(100) NOT NULL,
  currency_ar varchar(50) NOT NULL,
  currency_en varchar(50) NOT NULL,
  currency_fr varchar(50) NOT NULL,
  language_ar varchar(100) NOT NULL,
  language_en varchar(100) NOT NULL,
  language_fr varchar(100) NOT NULL,
  PRIMARY KEY (id),
  CONSTRAINT code UNIQUE (code)
)  ;

ALTER SEQUENCE mosques_country_seq RESTART WITH 198;
/* SQLINES DEMO *** cter_set_client = @saved_cs_client */;

--
-- SQLINES DEMO *** table `mosques_country`
--

LOCK TABLES mosques_country WRITE;
/* SQLINES DEMO *** LE `mosques_country` DISABLE KEYS */;
INSERT INTO mosques_country VALUES (1,'Algérie','الجزائر','af','DZ','??','Algeria','','',195,47400000,'https://flagcdn.com/w320/dz.png',NULL,'الجزائر العاصمة','Algiers','Alger','الدينار الجزائري','Algerian dinar','Dinar algérien','عربي','Arabic','arabe'),(2,'France','فرنسا','eu','FR','??','France','','',2930,66351959,'https://flagcdn.com/w320/fr.png',NULL,'باريس','Paris','Paris','اليورو','Euro','Euro','فرنسي','French','Français'),(3,'Tunisie','تونس','af','TN','??','Tunisia','','',46,11972169,'https://flagcdn.com/w320/tn.png',NULL,'تونس','Tunis','Tunisie','الدينار التونسي','Tunisian dinar','Dinar tunisien','عربي','Arabic','arabe'),(4,'Maroc','المغرب','af','MA','??','Morocco','','',134,36828330,'https://flagcdn.com/w320/ma.png',NULL,'الرباط','Rabat','Rabat','درهم مغربي','Moroccan dirham','Dirham marocain','عربي','Arabic','arabe'),(5,'Égypte','مصر','af','EG','??','Egypt','','',477,107271260,'https://flagcdn.com/w320/eg.png',NULL,'القاهرة','Cairo','Caire','جنيه مصري','Egyptian pound','Livre égyptienne','عربي','Arabic','arabe'),(6,'Afghanistan','أفغانستان','as','AF','??','Afghanistan','','',NULL,43844000,'https://upload.wikimedia.org/wikipedia/commons/thumb/5/5c/Flag_of_the_Taliban.svg/320px-Flag_of_the_Taliban.svg.png',NULL,'كابول','Kabul','Kaboul','أفغاني أفغاني','Afghan afghani','Afghan afghan','داري','Dari','Dari'),(7,'Afrique du Sud','جنوب أفريقيا','af','ZA','??','South Africa','','',406,63100945,'https://flagcdn.com/w320/za.png',NULL,'بريتوريا','Pretoria','Prétoria','راند جنوب أفريقيا','South African rand','Rand sud-africain','الأفريكانية','Afrikaans','afrikaans'),(8,'Albanie','ألبانيا','eu','AL','??','Albania','','',NULL,2363314,'https://flagcdn.com/w320/al.png',NULL,'تيرانا','Tirana','Tirana','ليك الألباني','Albanian lek','Lek albanais','الألبانية','Albanian','albanais'),(9,'Allemagne','ألمانيا','eu','DE','??','Germany','','',4082,83491249,'https://flagcdn.com/w320/de.png',NULL,'برلين','Berlin','Berlin','اليورو','Euro','Euro','الألمانية','German','Allemand'),(10,'Andorre','أندورا','eu','AD','??','Andorra','','',NULL,88406,'https://flagcdn.com/w320/ad.png',NULL,'أندورا لا فيلا','Andorra la Vella','Andorre-la-Vieille','اليورو','Euro','Euro','الكاتالونية','Catalan','catalan'),(11,'Angola','جمهورية أنغولا','af','AO','??','Angola','','',NULL,36170961,'https://flagcdn.com/w320/ao.png',NULL,'لواندا','Luanda','Luanda','الكوانزا الأنغولية','Angolan kwanza','Kwanza angolais','البرتغالية','Portuguese','portugais'),(12,'Antigua-et-Barbuda','أنتيغوا وباربودا','na','AG','??','Antigua and Barbuda','','',NULL,103603,'https://flagcdn.com/w320/ag.png',NULL,'سانت جون','Saint John's','Saint-Jean','دولار شرق الكاريبي','Eastern Caribbean dollar','Dollar des Caraïbes orientales','إنجليزي','English','Anglais'),(13,'Arabie Saoudite','السعودية','as','SA','??','Saudi Arabia','','',1115,35300280,'https://flagcdn.com/w320/sa.png',NULL,'الرياض','Riyadh','Riyad','الريال السعودي','Saudi riyal','Riyal saoudien','عربي','Arabic','arabe'),(14,'Argentine','الأرجنتين','sa','AR','??','Argentina','','',641,46735004,'https://flagcdn.com/w320/ar.png',NULL,'بوينس آيرس','Buenos Aires','Buenos Aires','البيزو الأرجنتيني','Argentine peso','Peso argentin','الغواراني','Guaraní','Guarani'),(15,'Arménie','أرمينيا','as','AM','??','Armenia','','',NULL,3076200,'https://flagcdn.com/w320/am.png',NULL,'يريفان','Yerevan','Erevan','الدراما الأرمنية','Armenian dram','Dram arménien','الأرمينية','Armenian','arménien'),(16,'Australie','أستراليا','oc','AU','??','Australia','','',1693,27536874,'https://flagcdn.com/w320/au.png',NULL,'كانبيرا','Canberra','Canberra','الدولار الأسترالي','Australian dollar','dollar australien','إنجليزي','English','Anglais'),(17,'Autriche','النمسا','eu','AT','??','Austria','','',NULL,9200931,'https://flagcdn.com/w320/at.png',NULL,'فيينا','Vienna','Vienne','اليورو','Euro','Euro','الألمانية','German','Allemand'),(18,'Azerbaïdjan','أذربيجان','as','AZ','??','Azerbaijan','','',NULL,10241722,'https://flagcdn.com/w320/az.png',NULL,'باكو','Baku','Bakou','مانات أذربيجاني','Azerbaijani manat','Manat azerbaïdjanais','أذربيجاني','Azerbaijani','azerbaïdjanais'),(19,'Bahamas','باهاماس','na','BS','??','Bahamas','','',NULL,398165,'https://flagcdn.com/w320/bs.png',NULL,'ناسو','Nassau','Nassau','دولار بهامي','Bahamian dollar','dollar bahaméen','إنجليزي','English','Anglais'),(20,'Bahreïn','‏البحرين','as','BH','??','Bahrain','','',NULL,1594654,'https://flagcdn.com/w320/bh.png',NULL,'المنامة','Manama','Manama','دينار بحريني','Bahraini dinar','Dinar bahreïnien','عربي','Arabic','arabe'),(21,'Bangladesh','بنغلاديش','as','BD','??','Bangladesh','','',460,169828911,'https://flagcdn.com/w320/bd.png',NULL,'دكا','Dhaka','Dacca','تاكا بنجلاديشية','Bangladeshi taka','Taka bangladais','البنغالية','Bengali','bengali'),(22,'Barbade','باربادوس','na','BB','??','Barbados','','',NULL,267800,'https://flagcdn.com/w320/bb.png',NULL,'بريدجتاون','Bridgetown','Bridgetown','الدولار البربادوسي','Barbadian dollar','Dollar barbadien','إنجليزي','English','Anglais'),(23,'Belgique','بلجيكا','eu','BE','??','Belgium','','',585,11825551,'https://flagcdn.com/w320/be.png',NULL,'بروكسل','Brussels','Bruxelles','اليورو','Euro','Euro','الألمانية','German','Allemand'),(24,'Belize','بليز','na','BZ','??','Belize','','',NULL,417634,'https://flagcdn.com/w320/bz.png',NULL,'بلموبان','Belmopan','Belmopan','دولار بليز','Belize dollar','Dollar bélizéen','الكريول البليزية','Belizean Creole','Créole bélizien'),(25,'Bénin','بنين','af','BJ','??','Benin','','',NULL,13224860,'https://flagcdn.com/w320/bj.png',NULL,'بورتو نوفو','Porto-Novo','Porto Novo','فرنك غرب أفريقيا','West African CFA franc','Franc CFA ouest-africain','فرنسي','French','Français'),(26,'Bhoutan','بوتان','as','BT','??','Bhutan','','',NULL,784043,'https://flagcdn.com/w320/bt.png',NULL,'تيمفو','Thimphu','Thimphou','النولتروم البوتاني','Bhutanese ngultrum','Ngultrum bhoutanais','دزونغخا','Dzongkha','Dzongkha'),(27,'Biélorussie','بيلاروسيا','eu','BY','??','Belarus','','',NULL,9109280,'https://flagcdn.com/w320/by.png',NULL,'مينسك','Minsk','Minsk','الروبل البيلاروسي','Belarusian ruble','Rouble biélorusse','البيلاروسية','Belarusian','biélorusse'),(28,'Birmanie','ميانمار','as','MM','??','Myanmar','','',NULL,51316756,'https://flagcdn.com/w320/mm.png',NULL,'نايبيداو','Naypyidaw','Naypyidaw','كيات البورمية','Burmese kyat','Kyats birmans','البورمية','Burmese','birman'),(29,'Bolivie','بوليفيا','sa','BO','??','Bolivia','','',NULL,11365333,'https://flagcdn.com/w320/bo.png',NULL,'سوكري','Sucre','Sucre','بوليفيانو بوليفي','Bolivian boliviano','bolivien bolivien','ايمارا','Aymara','Aymara'),(30,'Bosnie-Herzégovine','البوسنة والهرسك','eu','BA','??','Bosnia and Herzegovina','','',NULL,3422000,'https://flagcdn.com/w320/ba.png',NULL,'سراييفو','Sarajevo','Sarajevo','علامة البوسنة والهرسك القابلة للتحويل','Bosnia and Herzegovina convertible mark','Mark convertible de Bosnie-Herzégovine','البوسنية','Bosnian','bosniaque'),(31,'Botswana','بوتسوانا','af','BW','??','Botswana','','',NULL,2359609,'https://flagcdn.com/w320/bw.png',NULL,'جابورون','Gaborone','Gaborone','بوتسوانا بولا','Botswana pula','Pula du Botswana','إنجليزي','English','Anglais'),(32,'Brésil','البرازيل','sa','BR','??','Brazil','','',1965,213421037,'https://flagcdn.com/w320/br.png',NULL,'برازيليا','Brasília','Brasilia','ريال برازيلي','Brazilian real','Réal brésilien','البرتغالية','Portuguese','portugais'),(33,'Brunei','بروناي','as','BN','??','Brunei','','',NULL,455500,'https://flagcdn.com/w320/bn.png',NULL,'بندر سيري بيغاوان','Bandar Seri Begawan','Bandar Seri Begawan','دولار بروناي','Brunei dollar','Dollar brunéien','لغة الملايو','Malay','malais'),(34,'Bulgarie','بلغاريا','eu','BG','??','Bulgaria','','',NULL,6437360,'https://flagcdn.com/w320/bg.png',NULL,'صوفيا','Sofia','Sofia','ليف البلغاري','Bulgarian lev','Lev bulgare','البلغارية','Bulgarian','bulgare'),(35,'Burkina Faso','بوركينا فاسو','af','BF','??','Burkina Faso','','',NULL,24070553,'https://flagcdn.com/w320/bf.png',NULL,'واغادوغو','Ouagadougou','Ouagadougou','فرنك غرب أفريقيا','West African CFA franc','Franc CFA ouest-africain','فرنسي','French','Français'),(36,'Burundi','بوروندي','af','BI','??','Burundi','','',NULL,12332788,'https://flagcdn.com/w320/bi.png',NULL,'جيتيجا','Gitega','Gitega','الفرنك البوروندي','Burundian franc','Franc burundais','فرنسي','French','Français'),(37,'Cambodge','كمبوديا','as','KH','??','Cambodia','','',NULL,17577760,'https://flagcdn.com/w320/kh.png',NULL,'بنوم بنه','Phnom Penh','Phnom Penh','الرييل الكمبودي','Cambodian riel','Riel cambodgien','الخمير','Khmer','Khmer'),(38,'Cameroun','الكاميرون','af','CM','??','Cameroon','','',NULL,29442327,'https://flagcdn.com/w320/cm.png',NULL,'ياوندي','Yaoundé','Yaoundé','فرنك وسط أفريقيا','Central African CFA franc','Franc CFA d'Afrique centrale','إنجليزي','English','Anglais'),(39,'Canada','كندا','na','CA','??','Canada','','',2137,41651653,'https://flagcdn.com/w320/ca.png',NULL,'أوتاوا','Ottawa','Ottawa','الدولار الكندي','Canadian dollar','dollar canadien','إنجليزي','English','Anglais'),(40,'Îles du Cap-Vert','كابو فيردي','af','CV','??','Cape Verde','','',NULL,491233,'https://flagcdn.com/w320/cv.png',NULL,'برايا','Praia','Plage','اسكودو الرأس الأخضر','Cape Verdean escudo','Escudo cap-verdien','البرتغالية','Portuguese','portugais'),(41,'Chili','تشيلي','sa','CL','??','Chile','','',344,20206953,'https://flagcdn.com/w320/cl.png',NULL,'سانتياغو','Santiago','Saint-Jacques','البيزو التشيلي','Chilean peso','Peso chilien','الأسبانية','Spanish','Espagnol'),(42,'Chine','الصين','as','CN','??','China','','',17963,1408280000,'https://flagcdn.com/w320/cn.png',NULL,'بكين','Beijing','Pékin','اليوان الصيني','Chinese yuan','yuan chinois','الصينية','Chinese','Chinois'),(43,'Chypre','قبرص','eu','CY','??','Cyprus','','',NULL,1442614,'https://flagcdn.com/w320/cy.png',NULL,'نيقوسيا','Nicosia','Nicosie','اليورو','Euro','Euro','اليونانية','Greek','grec'),(44,'Colombie','كولومبيا','sa','CO','??','Colombia','','',344,53057212,'https://flagcdn.com/w320/co.png',NULL,'بوغوتا','Bogotá','Bogota','البيزو الكولومبي','Colombian peso','Peso colombien','الأسبانية','Spanish','Espagnol'),(45,'Comores','جزر القمر','af','KM','??','Comoros','','',NULL,919901,'https://flagcdn.com/w320/km.png',NULL,'موروني','Moroni','Moroni','فرنك جزر القمر','Comorian franc','franc comorien','عربي','Arabic','arabe'),(46,'Congo','جمهورية الكونفو','af','CG','??','Republic of the Congo','','',NULL,6142180,'https://flagcdn.com/w320/cg.png',NULL,'برازافيل','Brazzaville','Brazzaville','فرنك وسط أفريقيا','Central African CFA franc','Franc CFA d'Afrique centrale','فرنسي','French','Français'),(47,'Corée du Nord','كوريا الشمالية','as','KP','??','North Korea','','',NULL,25950000,'https://flagcdn.com/w320/kp.png',NULL,'بيونغ يانغ','Pyongyang','Pyongyang','فازت كوريا الشمالية','North Korean won','Won nord-coréen','كوري','Korean','coréen'),(48,'Corée du Sud','كوريا الجنوبية','as','KR','??','South Korea','','',1693,51159889,'https://flagcdn.com/w320/kr.png',NULL,'سيول','Seoul','Séoul','فازت كوريا الجنوبية','South Korean won','Won sud-coréen','كوري','Korean','coréen'),(49,'Costa Rica','كوستاريكا','na','CR','??','Costa Rica','','',NULL,5309625,'https://flagcdn.com/w320/cr.png',NULL,'سان خوسيه','San José','San José','الكولون الكوستاريكي','Costa Rican colón','Colon costaricain','الأسبانية','Spanish','Espagnol'),(50,'Côte d'Ivoire','ساحل العاج','af','CI','??','Ivory Coast','','',NULL,31719275,'https://flagcdn.com/w320/ci.png',NULL,'ياموسوكرو','Yamoussoukro','Yamoussoukro','فرنك غرب أفريقيا','West African CFA franc','Franc CFA ouest-africain','فرنسي','French','Français'),(51,'Croatie','كرواتيا','eu','HR','??','Croatia','','',NULL,3866233,'https://flagcdn.com/w320/hr.png',NULL,'زغرب','Zagreb','Zagreb','اليورو','Euro','Euro','الكرواتية','Croatian','croate'),(52,'Cuba','كوبا','na','CU','??','Cuba','','',NULL,9748007,'https://flagcdn.com/w320/cu.png',NULL,'هافانا','Havana','La Havane','البيزو الكوبي القابل للتحويل','Cuban convertible peso','Peso cubain convertible','الأسبانية','Spanish','Espagnol'),(53,'Danemark','الدنمارك','eu','DK','??','Denmark','','',400,6011488,'https://flagcdn.com/w320/dk.png',NULL,'كوبنهاغن','Copenhagen','Copenhague','كرونة دنماركية','Danish krone','Couronne danoise','دانماركي','Danish','danois'),(54,'Djibouti','جيبوتي','af','DJ','??','Djibouti','','',NULL,1066809,'https://flagcdn.com/w320/dj.png',NULL,'جيبوتي','Djibouti','Djibouti','الفرنك الجيبوتي','Djiboutian franc','Franc djiboutien','عربي','Arabic','arabe'),(55,'Dominique','دومينيكا','na','DM','??','Dominica','','',NULL,67408,'https://flagcdn.com/w320/dm.png',NULL,'روسو','Roseau','Roseau','دولار شرق الكاريبي','Eastern Caribbean dollar','Dollar des Caraïbes orientales','إنجليزي','English','Anglais'),(56,'Émirats arabes unis','دولة الإمارات العربية المتحدة','as','AE','??','United Arab Emirates','','',508,11294243,'https://flagcdn.com/w320/ae.png',NULL,'أبو ظبي','Abu Dhabi','Abou Dhabi','درهم الإمارات العربية المتحدة','United Arab Emirates dirham','Dirham des Émirats arabes unis','عربي','Arabic','arabe'),(57,'Équateur','الإكوادور','sa','EC','??','Ecuador','','',NULL,18103660,'https://flagcdn.com/w320/ec.png',NULL,'كيتو','Quito','Quito','دولار الولايات المتحدة','United States dollar','Dollar américain','الأسبانية','Spanish','Espagnol'),(58,'Érythrée','إريتريا','af','ER','??','Eritrea','','',NULL,3607000,'https://flagcdn.com/w320/er.png',NULL,'أسمرة','Asmara','Asmara','الناكفا الإريترية','Eritrean nakfa','Nakfa érythréenne','عربي','Arabic','arabe'),(59,'Espagne','إسبانيا','eu','ES','??','Spain','','',1490,49315949,'https://flagcdn.com/w320/es.png',NULL,'مدريد','Madrid','Madrid','اليورو','Euro','Euro','الأسبانية','Spanish','Espagnol'),(60,'Estonie','إستونيا','eu','EE','??','Estonia','','',NULL,1369995,'https://flagcdn.com/w320/ee.png',NULL,'تالين','Tallinn','Tallinn','اليورو','Euro','Euro','الإستونية','Estonian','estonien'),(61,'États-Unis','الولايات المتحدة','na','US','??','United States','','',25462,340110988,'https://flagcdn.com/w320/us.png',NULL,'واشنطن العاصمة','Washington, D.C.','Washington, D.C.','دولار الولايات المتحدة','United States dollar','Dollar américain','إنجليزي','English','Anglais'),(62,'Éthiopie','إثيوبيا','af','ET','??','Ethiopia','','',NULL,111652998,'https://flagcdn.com/w320/et.png',NULL,'أديس أبابا','Addis Ababa','Addis-Abeba','بير اثيوبي','Ethiopian birr','Birr éthiopien','الأمهرية','Amharic','Amharique'),(63,'Fidji','فيجي','oc','FJ','??','Fiji','','',NULL,900869,'https://flagcdn.com/w320/fj.png',NULL,'سوفا','Suva','Suva','الدولار الفيجي','Fijian dollar','dollar fidjien','إنجليزي','English','Anglais'),(64,'Finlande','فنلندا','eu','FI','??','Finland','','',302,5650325,'https://flagcdn.com/w320/fi.png',NULL,'هلسنكي','Helsinki','Helsinki','اليورو','Euro','Euro','الفنلندية','Finnish','finlandais'),(65,'Gabon','الغابون','af','GA','??','Gabon','','',NULL,2469296,'https://flagcdn.com/w320/ga.png',NULL,'ليبرفيل','Libreville','Libreville','فرنك وسط أفريقيا','Central African CFA franc','Franc CFA d'Afrique centrale','فرنسي','French','Français'),(66,'Gambie','غامبيا','af','GM','??','Gambia','','',NULL,2422712,'https://flagcdn.com/w320/gm.png',NULL,'بانجول','Banjul','Banjul','دالاسي','dalasi','Dalasi','إنجليزي','English','Anglais'),(67,'Géorgie','جورجيا','as','GE','??','Georgia','','',NULL,4000921,'https://flagcdn.com/w320/ge.png',NULL,'تبليسي','Tbilisi','Tbilissi','لاري','lari','lari','الجورجية','Georgian','géorgien'),(68,'Ghana','غانا','af','GH','??','Ghana','','',NULL,33742380,'https://flagcdn.com/w320/gh.png',NULL,'أكرا','Accra','Accra','السيدي الغاني','Ghanaian cedi','Cédi ghanéen','إنجليزي','English','Anglais'),(69,'Grèce','اليونان','eu','GR','??','Greece','','',222,10400720,'https://flagcdn.com/w320/gr.png',NULL,'أثينا','Athens','Athènes','اليورو','Euro','Euro','اليونانية','Greek','grec'),(70,'Grenade','غرينادا','na','GD','??','Grenada','','',NULL,109021,'https://flagcdn.com/w320/gd.png',NULL,'سانت جورج','St. George's','Saint-Georges','دولار شرق الكاريبي','Eastern Caribbean dollar','Dollar des Caraïbes orientales','إنجليزي','English','Anglais'),(71,'Guatemala','غواتيمالا','na','GT','??','Guatemala','','',NULL,18079810,'https://flagcdn.com/w320/gt.png',NULL,'مدينة غواتيمالا','Guatemala City','Guatemala-ville','الكوازال الغواتيمالي','Guatemalan quetzal','Quetzal guatémaltèque','الأسبانية','Spanish','Espagnol'),(72,'Guinée','غينيا','af','GN','??','Guinea','','',NULL,14363931,'https://flagcdn.com/w320/gn.png',NULL,'كوناكري','Conakry','Conakry','الفرنك الغيني','Guinean franc','franc guinéen','فرنسي','French','Français'),(73,'Guinée équatoriale','غينيا الاستوائية','af','GQ','??','Equatorial Guinea','','',NULL,1668768,'https://flagcdn.com/w320/gq.png',NULL,'مالابو','Malabo','Malabo','فرنك وسط أفريقيا','Central African CFA franc','Franc CFA d'Afrique centrale','فرنسي','French','Français'),(74,'Guinée-Bissau','غينيا بيساو','af','GW','??','Guinea-Bissau','','',NULL,1781308,'https://flagcdn.com/w320/gw.png',NULL,'بيساو','Bissau','Bissau','فرنك غرب أفريقيا','West African CFA franc','Franc CFA ouest-africain','البرتغالية','Portuguese','portugais'),(75,'Guyana','غيانا','sa','GY','??','Guyana','','',NULL,772975,'https://flagcdn.com/w320/gy.png',NULL,'جورج تاون','Georgetown','Georgetown','دولار جوياني','Guyanese dollar','dollar guyanais','إنجليزي','English','Anglais'),(76,'Haïti','هايتي','na','HT','??','Haiti','','',NULL,11867032,'https://flagcdn.com/w320/ht.png',NULL,'بورت أو برنس','Port-au-Prince','Port-au-Prince','الغورد الهايتي','Haitian gourde','Gourde haïtienne','فرنسي','French','Français'),(77,'Honduras','هندوراس','na','HN','??','Honduras','','',NULL,9892632,'https://flagcdn.com/w320/hn.png',NULL,'تيغوسيغالبا','Tegucigalpa','Tegucigalpa','لمبيرا هندوراس','Honduran lempira','Lempira hondurien','الأسبانية','Spanish','Espagnol'),(78,'Hongrie','المجر','eu','HU','??','Hungary','','',NULL,9539502,'https://flagcdn.com/w320/hu.png',NULL,'بودابست','Budapest','Budapest','الفورنت المجري','Hungarian forint','Forint hongrois','المجرية','Hungarian','hongrois'),(79,'Inde','الهند','as','IN','??','India','','',3418,1417492000,'https://flagcdn.com/w320/in.png',NULL,'نيودلهي','New Delhi','New Delhi','الروبية الهندية','Indian rupee','Roupie indienne','إنجليزي','English','Anglais'),(80,'Indonésie','إندونيسيا','as','ID','??','Indonesia','','',1319,284438782,'https://flagcdn.com/w320/id.png',NULL,'جاكرتا','Jakarta','Djakarta','الروبية الاندونيسية','Indonesian rupiah','Roupie indonésienne','الاندونيسية','Indonesian','indonésien'),(81,'Irak','العراق','as','IQ','??','Iraq','','',264,46118793,'https://flagcdn.com/w320/iq.png',NULL,'بغداد','Baghdad','Bagdad','الدينار العراقي','Iraqi dinar','Dinar irakien','عربي','Arabic','arabe'),(82,'Iran','إيران','as','IR','??','Iran','','',NULL,85961000,'https://flagcdn.com/w320/ir.png',NULL,'طهران','Tehran','Téhéran','الريال الإيراني','Iranian rial','Rial iranien','الفارسية (الفارسية)','Persian (Farsi)','persan (farsi)'),(83,'Irlande','أيرلندا','eu','IE','??','Ireland','','',530,5458600,'https://flagcdn.com/w320/ie.png',NULL,'دبلن','Dublin','Dublin','اليورو','Euro','Euro','إنجليزي','English','Anglais'),(84,'Islande','آيسلندا','eu','IS','??','Iceland','','',NULL,391810,'https://flagcdn.com/w320/is.png',NULL,'ريكيافيك','Reykjavik','Reykjavík','الكرونا الأيسلندية','Icelandic króna','couronne islandaise','الأيسلندية','Icelandic','islandais'),(85,'Israël','إسرائيل','as','IL','??','Israel','','',522,10134800,'https://flagcdn.com/w320/il.png',NULL,'القدس','Jerusalem','Jérusalem','الشيكل الإسرائيلي الجديد','Israeli new shekel','Nouveau shekel israélien','عربي','Arabic','arabe'),(86,'Italie','إيطاليا','eu','IT','??','Italy','','',2186,58927633,'https://flagcdn.com/w320/it.png',NULL,'روما','Rome','Rome','اليورو','Euro','Euro','ايطالي','Italian','italien'),(87,'Jamaïque','جامايكا','na','JM','??','Jamaica','','',NULL,2825544,'https://flagcdn.com/w320/jm.png',NULL,'كينغستون','Kingston','Kingston','الدولار الجامايكي','Jamaican dollar','dollar jamaïcain','إنجليزي','English','Anglais'),(88,'Japon','اليابان','as','JP','??','Japan','','',4250,123210000,'https://flagcdn.com/w320/jp.png',NULL,'طوكيو','Tokyo','Tokyo','الين الياباني','Japanese yen','yen japonais','اليابانية','Japanese','japonais'),(89,'Jordanie','الأردن','as','JO','??','Jordan','','',NULL,11734000,'https://flagcdn.com/w320/jo.png',NULL,'عمان','Amman','Amman','الدينار الأردني','Jordanian dinar','Dinar jordanien','عربي','Arabic','arabe'),(90,'Kazakhstan','كازاخستان','as','KZ','??','Kazakhstan','','',NULL,20426568,'https://flagcdn.com/w320/kz.png',NULL,'أستانا','Astana','Astana','تنغي كازاخستاني','Kazakhstani tenge','tenge kazakh','الكازاخستانية','Kazakh','Kazakh'),(91,'Kenya','كينيا','af','KE','??','Kenya','','',NULL,53330978,'https://flagcdn.com/w320/ke.png',NULL,'نيروبي','Nairobi','Nairobi','شلن كيني','Kenyan shilling','Shilling kenyan','إنجليزي','English','Anglais'),(92,'Kirghizistan','قيرغيزستان','as','KG','??','Kyrgyzstan','','',NULL,7281800,'https://flagcdn.com/w320/kg.png',NULL,'بيشكيك','Bishkek','Bichkek','سوم قيرغيزستاني','Kyrgyzstani som','Som kirghize','قيرغيزستان','Kyrgyz','Kirghize'),(93,'Kiribati','كيريباتي','oc','KI','??','Kiribati','','',NULL,120740,'https://flagcdn.com/w320/ki.png',NULL,'جنوب تاراوا','South Tarawa','Tarawa Sud','الدولار الأسترالي','Australian dollar','dollar australien','إنجليزي','English','Anglais'),(94,'Koweït','الكويت','as','KW','??','Kuwait','','',164,4881254,'https://flagcdn.com/w320/kw.png',NULL,'مدينة الكويت','Kuwait City','Koweït ville','دينار كويتي','Kuwaiti dinar','Dinar koweïtien','عربي','Arabic','arabe'),(95,'Laos','لاوس','as','LA','??','Laos','','',NULL,7647000,'https://flagcdn.com/w320/la.png',NULL,'فينتيان','Vientiane','Vientiane','لاو كيب','Lao kip','Kip laotien','لاو','Lao','Laotien'),(96,'Lesotho','ليسوتو','af','LS','??','Lesotho','','',NULL,2116427,'https://flagcdn.com/w320/ls.png',NULL,'ماسيرو','Maseru','Maseru','لوتس ليسوتو','Lesotho loti','Loti du Lesotho','إنجليزي','English','Anglais'),(97,'Lettonie','لاتفيا','eu','LV','??','Latvia','','',NULL,1829000,'https://flagcdn.com/w320/lv.png',NULL,'ريغا','Riga','Riga','اليورو','Euro','Euro','لاتفيا','Latvian','letton'),(98,'Liban','لبنان','as','LB','??','Lebanon','','',NULL,5490000,'https://flagcdn.com/w320/lb.png',NULL,'بيروت','Beirut','Beyrouth','الليرة اللبنانية','Lebanese pound','Livre libanaise','عربي','Arabic','arabe'),(99,'Liberia','ليبيريا','af','LR','??','Liberia','','',NULL,5248621,'https://flagcdn.com/w320/lr.png',NULL,'مونروفيا','Monrovia','Monrovia','الدولار الليبيري','Liberian dollar','Dollar libérien','إنجليزي','English','Anglais'),(100,'Libye','‏ليبيا','af','LY','??','Libya','','',NULL,7459000,'https://flagcdn.com/w320/ly.png',NULL,'طرابلس','Tripoli','Tripoli','الدينار الليبي','Libyan dinar','Dinar libyen','عربي','Arabic','arabe'),(101,'Liechtenstein','ليختنشتاين','eu','LI','??','Liechtenstein','','',NULL,40900,'https://flagcdn.com/w320/li.png',NULL,'فادوز','Vaduz','Vaduz','الفرنك السويسري','Swiss franc','franc suisse','الألمانية','German','Allemand'),(102,'Lituanie','ليتوانيا','eu','LT','??','Lithuania','','',NULL,2894886,'https://flagcdn.com/w320/lt.png',NULL,'فيلنيوس','Vilnius','Vilnius','اليورو','Euro','Euro','الليتوانية','Lithuanian','lituanien'),(103,'Luxembourg','لوكسمبورغ','eu','LU','??','Luxembourg','','',NULL,681973,'https://flagcdn.com/w320/lu.png',NULL,'لوكسمبورغ','Luxembourg','Luxembourg','اليورو','Euro','Euro','الألمانية','German','Allemand'),(104,'Macédoine du Nord','شمال مقدونيا','eu','MK','??','North Macedonia','','',NULL,1822612,'https://flagcdn.com/w320/mk.png',NULL,'سكوبي','Skopje','Skopje','دينار','denar','denar','المقدونية','Macedonian','Macédonien'),(105,'Madagascar','مدغشقر','af','MG','??','Madagascar','','',NULL,31727042,'https://flagcdn.com/w320/mg.png',NULL,'أنتاناناريفو','Antananarivo','Antananarivo','أرياري مدغشقر','Malagasy ariary','Ariary malgache','فرنسي','French','Français'),(106,'Malaisie','ماليزيا','as','MY','??','Malaysia','','',407,34231700,'https://flagcdn.com/w320/my.png',NULL,'كوالا لمبور','Kuala Lumpur','Kuala Lumpur','رينغيت ماليزي','Malaysian ringgit','Ringgit malaisien','إنجليزي','English','Anglais'),(107,'Malawi','مالاوي','af','MW','??','Malawi','','',NULL,20734262,'https://flagcdn.com/w320/mw.png',NULL,'ليلونجوي','Lilongwe','Lilongwe','كواشا ملاوية','Malawian kwacha','Kwacha malawien','إنجليزي','English','Anglais'),(108,'Maldives','المالديف','as','MV','??','Maldives','','',NULL,515132,'https://flagcdn.com/w320/mv.png',NULL,'ذكر','Malé','Mâle','روفية جزر المالديف','Maldivian rufiyaa','Rufiyaa maldivienne','المالديفية','Maldivian','Maldivien'),(109,'Mali','مالي','af','ML','??','Mali','','',NULL,22395489,'https://flagcdn.com/w320/ml.png',NULL,'باماكو','Bamako','Bamako','فرنك غرب أفريقيا','West African CFA franc','Franc CFA ouest-africain','فرنسي','French','Français'),(110,'Malte','مالطا','eu','MT','??','Malta','','',NULL,574250,'https://flagcdn.com/w320/mt.png',NULL,'فاليتا','Valletta','La Valette','اليورو','Euro','Euro','إنجليزي','English','Anglais'),(111,'Île Maurice','موريشيوس','af','MU','??','Mauritius','','',NULL,1243741,'https://flagcdn.com/w320/mu.png',NULL,'بورت لويس','Port Louis','Port-Louis','روبية موريشيوسية','Mauritian rupee','Roupie mauricienne','إنجليزي','English','Anglais'),(112,'Mauritanie','موريتانيا','af','MR','??','Mauritania','','',NULL,4927532,'https://flagcdn.com/w320/mr.png',NULL,'نواكشوط','Nouakchott','Nouakchott','الأوقية الموريتانية','Mauritanian ouguiya','Ouguiya mauritanien','عربي','Arabic','arabe'),(113,'Mexique','المسكيك','na','MX','??','Mexico','','',1455,130575786,'https://flagcdn.com/w320/mx.png',NULL,'مدينة مكسيكو','Mexico City','Mexico','البيزو المكسيكي','Mexican peso','Peso mexicain','الأسبانية','Spanish','Espagnol'),(114,'Micronésie','ميكرونيسيا','oc','FM','??','Micronesia','','',NULL,105564,'https://flagcdn.com/w320/fm.png',NULL,'باليكير','Palikir','Palikir','دولار الولايات المتحدة','United States dollar','Dollar américain','إنجليزي','English','Anglais'),(115,'Moldavie','مولدوڤا','eu','MD','??','Moldova','','',NULL,2749076,'https://flagcdn.com/w320/md.png',NULL,'كيشيناو','Chișinău','Chisinau','ليو المولدوفي','Moldovan leu','Leu moldave','روماني','Romanian','roumain'),(116,'Monaco','موناكو','eu','MC','??','Monaco','','',NULL,38423,'https://flagcdn.com/w320/mc.png',NULL,'موناكو','Monaco','Monaco','اليورو','Euro','Euro','فرنسي','French','Français'),(117,'Mongolie','منغوليا','as','MN','??','Mongolia','','',NULL,3544835,'https://flagcdn.com/w320/mn.png',NULL,'أولان باتور','Ulan Bator','Oulan-Bator','توغروغ المنغولية','Mongolian tögrög','Tögrög mongol','المنغولية','Mongolian','mongol'),(118,'Monténégro','الجبل الاسود','eu','ME','??','Montenegro','','',NULL,623327,'https://flagcdn.com/w320/me.png',NULL,'بودغوريتشا','Podgorica','Podgorica','اليورو','Euro','Euro','الجبل الأسود','Montenegrin','monténégrin'),(119,'Mozambique','موزمبيق','af','MZ','??','Mozambique','','',NULL,34090466,'https://flagcdn.com/w320/mz.png',NULL,'مابوتو','Maputo','Maputo','موزمبيق ميتيكال','Mozambican metical','Metical mozambicain','البرتغالية','Portuguese','portugais'),(120,'Namibie','ناميبيا','af','NA','??','Namibia','','',NULL,3022401,'https://flagcdn.com/w320/na.png',NULL,'ويندهوك','Windhoek','Windhoek','الدولار الناميبي','Namibian dollar','Dollar namibien','الأفريكانية','Afrikaans','afrikaans'),(121,'Nauru','ناورو','oc','NR','??','Nauru','','',NULL,11680,'https://flagcdn.com/w320/nr.png',NULL,'يارين','Yaren','Yaren','الدولار الأسترالي','Australian dollar','dollar australien','إنجليزي','English','Anglais'),(122,'Népal','نيبال','as','NP','??','Nepal','','',NULL,29911840,'https://flagcdn.com/w320/np.png',NULL,'كاتماندو','Kathmandu','Katmandou','الروبية النيبالية','Nepalese rupee','Roupie népalaise','النيبالية','Nepali','Népalais'),(123,'Nicaragua','نيكاراغوا','na','NI','??','Nicaragua','','',NULL,6803886,'https://flagcdn.com/w320/ni.png',NULL,'ماناغوا','Managua','Managua','قرطبة نيكاراغوا','Nicaraguan córdoba','Cordoue nicaraguayenne','الأسبانية','Spanish','Espagnol'),(124,'Niger','النيجر','af','NE','??','Niger','','',NULL,26312034,'https://flagcdn.com/w320/ne.png',NULL,'نيامي','Niamey','Niamey','فرنك غرب أفريقيا','West African CFA franc','Franc CFA ouest-africain','فرنسي','French','Français'),(125,'Nigéria','نيجيريا','af','NG','??','Nigeria','','',477,223800000,'https://flagcdn.com/w320/ng.png',NULL,'أبوجا','Abuja','Abuja','نيرة نيجيرية','Nigerian naira','Naira nigérian','إنجليزي','English','Anglais'),(126,'Norvège','النرويج','eu','NO','??','Norway','','',547,5606944,'https://flagcdn.com/w320/no.png',NULL,'أوسلو','Oslo','Oslo','كرونة نرويجية','Norwegian krone','Couronne norvégienne','نينورسك النرويجي','Norwegian Nynorsk','Norvégien nynorsk'),(127,'Nouvelle-Zélande','نيوزيلندا','oc','NZ','??','New Zealand','','',247,5324700,'https://flagcdn.com/w320/nz.png',NULL,'ويلينغتون','Wellington','Wellington','الدولار النيوزيلندي','New Zealand dollar','Dollar néo-zélandais','إنجليزي','English','Anglais'),(128,'Oman','عمان','as','OM','??','Oman','','',NULL,5343630,'https://flagcdn.com/w320/om.png',NULL,'المسكات عنب طيب الشذا','Muscat','Muscat','الريال العماني','Omani rial','Rial omanais','عربي','Arabic','arabe'),(129,'Ouganda','أوغندا','af','UG','??','Uganda','','',NULL,45905417,'https://flagcdn.com/w320/ug.png',NULL,'كمبالا','Kampala','Kampala','شلن أوغندي','Ugandan shilling','Shilling ougandais','إنجليزي','English','Anglais'),(130,'Ouzbékistan','أوزباكستان','as','UZ','??','Uzbekistan','','',NULL,37859698,'https://flagcdn.com/w320/uz.png',NULL,'طشقند','Tashkent','Tachkent','الصوم الأوزبكي','Uzbekistani soʻm','So'm ouzbek','الروسية','Russian','russe'),(131,'Pakistan','باكستان','as','PK','??','Pakistan','','',338,241499431,'https://flagcdn.com/w320/pk.png',NULL,'اسلام اباد','Islamabad','Islamabad','روبية باكستانية','Pakistani rupee','Roupie pakistanaise','إنجليزي','English','Anglais'),(132,'Palaos (Palau)','بالاو','oc','PW','??','Palau','','',NULL,16733,'https://flagcdn.com/w320/pw.png',NULL,'نجيرولمود','Ngerulmud','Ngerulmud','دولار الولايات المتحدة','United States dollar','Dollar américain','إنجليزي','English','Anglais'),(133,'Palestine','فلسطين','as','PS','??','Palestine','','',NULL,5483450,'https://flagcdn.com/w320/ps.png',NULL,'رام الله','Ramallah','Ramallah','جنيه مصري','Egyptian pound','Livre égyptienne','عربي','Arabic','arabe'),(134,'Panama','بنما','na','PA','??','Panama','','',NULL,4064780,'https://flagcdn.com/w320/pa.png',NULL,'مدينة بنما','Panama City','Ville de Panamá','بالبوا البنمي','Panamanian balboa','Balboa panaméen','الأسبانية','Spanish','Espagnol'),(135,'Papouasie-Nouvelle-Guinée','بابوا غينيا الجديدة','oc','PG','??','Papua New Guinea','','',NULL,11781559,'https://flagcdn.com/w320/pg.png',NULL,'بورت مورسبي','Port Moresby','Port-Moresby','بابوا غينيا الجديدة كينا','Papua New Guinean kina','Kina de Papouasie-Nouvelle-Guinée','إنجليزي','English','Anglais'),(136,'Paraguay','باراغواي','sa','PY','??','Paraguay','','',NULL,6109644,'https://flagcdn.com/w320/py.png',NULL,'أسونسيون','Asunción','Asunción','غواراني باراغواي','Paraguayan guaraní','Guaraní paraguayen','الغواراني','Guaraní','Guarani'),(137,'Pays-Bas','هولندا','eu','NL','??','Netherlands','','',1008,18100436,'https://flagcdn.com/w320/nl.png',NULL,'أمستردام','Amsterdam','Amsterdam','اليورو','Euro','Euro','هولندي','Dutch','Néerlandais'),(138,'Pérou','بيرو','sa','PE','??','Peru','','',264,34350244,'https://flagcdn.com/w320/pe.png',NULL,'ليما','Lima','Lima','سول بيرو','Peruvian sol','Sol péruvien','ايمارا','Aymara','Aymara'),(139,'Philippines','الفلبين','as','PH','??','Philippines','','',404,114123600,'https://flagcdn.com/w320/ph.png',NULL,'مانيلا','Manila','Manille','البيزو الفلبيني','Philippine peso','Peso philippin','إنجليزي','English','Anglais'),(140,'Pologne','بولندا','eu','PL','??','Poland','','',688,37392000,'https://flagcdn.com/w320/pl.png',NULL,'وارسو','Warsaw','Varsovie','الزلوتي البولندي','Polish złoty','Zloty polonais','بولندي','Polish','polonais'),(141,'Portugal','البرتغال','eu','PT','??','Portugal','','',260,10749635,'https://flagcdn.com/w320/pt.png',NULL,'لشبونة','Lisbon','Lisbonne','اليورو','Euro','Euro','البرتغالية','Portuguese','portugais'),(142,'Qatar','قطر','as','QA','??','Qatar','','',236,3173024,'https://flagcdn.com/w320/qa.png',NULL,'الدوحة','Doha','Doha','الريال القطري','Qatari riyal','Riyal qatari','عربي','Arabic','arabe'),(143,'République centrafricaine','جمهورية أفريقيا الوسطى','af','CF','??','Central African Republic','','',NULL,6470307,'https://flagcdn.com/w320/cf.png',NULL,'بانغي','Bangui','Bangui','فرنك وسط أفريقيا','Central African CFA franc','Franc CFA d'Afrique centrale','فرنسي','French','Français'),(144,'Congo (Rép. dém.)','الكونغو','af','CD','??','DR Congo','','',NULL,112832000,'https://flagcdn.com/w320/cd.png',NULL,'كينشاسا','Kinshasa','Kinshasa','الفرنك الكونغولي','Congolese franc','franc congolais','فرنسي','French','Français'),(145,'République dominicaine','جمهورية الدومينيكان','na','DO','??','Dominican Republic','','',NULL,10771504,'https://flagcdn.com/w320/do.png',NULL,'سانتو دومينغو','Santo Domingo','Saint-Domingue','البيزو الدومينيكي','Dominican peso','Peso dominicain','الأسبانية','Spanish','Espagnol'),(146,'Tchéquie','التشيك','eu','CZ','??','Czechia','','',330,10882341,'https://flagcdn.com/w320/cz.png',NULL,'براغ','Prague','Prague','كورونا التشيكية','Czech koruna','Couronne tchèque','التشيكية','Czech','tchèque'),(147,'Roumanie','رومانيا','eu','RO','??','Romania','','',350,19036031,'https://flagcdn.com/w320/ro.png',NULL,'بوخارست','Bucharest','Bucarest','ليو الروماني','Romanian leu','Leu roumain','روماني','Romanian','roumain'),(148,'Royaume-Uni','المملكة المتحدة','eu','GB','??','United Kingdom','','',3089,69281437,'https://flagcdn.com/w320/gb.png',NULL,'لندن','London','Londres','الجنيه البريطاني','British pound','Livre sterling','إنجليزي','English','Anglais'),(149,'Russie','روسيا','eu','RU','??','Russia','','',2240,146028325,'https://flagcdn.com/w320/ru.png',NULL,'موسكو','Moscow','Moscou','الروبل الروسي','Russian ruble','Rouble russe','الروسية','Russian','russe'),(150,'Rwanda','رواندا','af','RW','??','Rwanda','','',NULL,14104969,'https://flagcdn.com/w320/rw.png',NULL,'كيغالي','Kigali','Kigali','الفرنك الرواندي','Rwandan franc','Franc rwandais','إنجليزي','English','Anglais'),(151,'Saint-Christophe-et-Niévès','سانت كيتس ونيفيس','na','KN','??','Saint Kitts and Nevis','','',NULL,51320,'https://flagcdn.com/w320/kn.png',NULL,'باستير','Basseterre','Basseterre','دولار شرق الكاريبي','Eastern Caribbean dollar','Dollar des Caraïbes orientales','إنجليزي','English','Anglais'),(152,'Saint-Marin','سان مارينو','eu','SM','??','San Marino','','',NULL,34132,'https://flagcdn.com/w320/sm.png',NULL,'مدينة سان مارينو','City of San Marino','Ville de Saint-Marin','اليورو','Euro','Euro','ايطالي','Italian','italien'),(153,'Saint-Vincent-et-les-Grenadines','سانت فينسنت والغرينادين','na','VC','??','Saint Vincent and the Grenadines','','',NULL,110872,'https://flagcdn.com/w320/vc.png',NULL,'كينغستاون','Kingstown','Kingstown','دولار شرق الكاريبي','Eastern Caribbean dollar','Dollar des Caraïbes orientales','إنجليزي','English','Anglais'),(154,'Sainte-Lucie','سانت لوسيا','na','LC','??','Saint Lucia','','',NULL,184100,'https://flagcdn.com/w320/lc.png',NULL,'كاستريس','Castries','Castries','دولار شرق الكاريبي','Eastern Caribbean dollar','Dollar des Caraïbes orientales','إنجليزي','English','Anglais'),(155,'Salvador','السلفادور','na','SV','??','El Salvador','','',NULL,6029976,'https://flagcdn.com/w320/sv.png',NULL,'سان سلفادور','San Salvador','Salvador','دولار الولايات المتحدة','United States dollar','Dollar américain','الأسبانية','Spanish','Espagnol'),(156,'Samoa','ساموا','oc','WS','??','Samoa','','',NULL,205557,'https://flagcdn.com/w320/ws.png',NULL,'آبيا','Apia','Apia','ساموا تالا','Samoan tālā','tala samoan','إنجليزي','English','Anglais'),(157,'São Tomé et Príncipe','ساو تومي وبرينسيب','af','ST','??','São Tomé and Príncipe','','',NULL,209607,'https://flagcdn.com/w320/st.png',NULL,'ساو تومي','São Tomé','São Tomé','ساو تومي وبرينسيبي دوبرا','São Tomé and Príncipe dobra','São Tomé et Príncipe dobra','البرتغالية','Portuguese','portugais'),(158,'Sénégal','السنغال','af','SN','??','Senegal','','',NULL,18593258,'https://flagcdn.com/w320/sn.png',NULL,'داكار','Dakar','Dakar','فرنك غرب أفريقيا','West African CFA franc','Franc CFA ouest-africain','فرنسي','French','Français'),(159,'Serbie','صيربيا','eu','RS','??','Serbia','','',NULL,6567783,'https://flagcdn.com/w320/rs.png',NULL,'بلغراد','Belgrade','Belgrade','الدينار الصربي','Serbian dinar','Dinar serbe','الصربية','Serbian','serbe'),(160,'Seychelles','سيشل','af','SC','??','Seychelles','','',NULL,122729,'https://flagcdn.com/w320/sc.png',NULL,'فيكتوريا','Victoria','Victoria','الروبية السيشيلية','Seychellois rupee','Roupie seychelloise','الكريول السيشيلية','Seychellois Creole','Créole seychellois'),(161,'Sierra Leone','سيراليون','af','SL','??','Sierra Leone','','',NULL,9077691,'https://flagcdn.com/w320/sl.png',NULL,'فريتاون','Freetown','Freetown','ليون','Leone','Léone','إنجليزي','English','Anglais'),(162,'Singapour','سنغافورة','as','SG','??','Singapore','','',466,6110200,'https://flagcdn.com/w320/sg.png',NULL,'سنغافورة','Singapore','Singapour','دولار سنغافوري','Singapore dollar','Dollar de Singapour','إنجليزي','English','Anglais'),(163,'Slovaquie','سلوفاكيا','eu','SK','??','Slovakia','','',NULL,5413813,'https://flagcdn.com/w320/sk.png',NULL,'براتيسلافا','Bratislava','Bratislava','اليورو','Euro','Euro','السلوفاكية','Slovak','slovaque'),(164,'Slovénie','سلوفينيا','eu','SI','??','Slovenia','','',NULL,2130638,'https://flagcdn.com/w320/si.png',NULL,'ليوبليانا','Ljubljana','Ljubljana','اليورو','Euro','Euro','السلوفينية','Slovene','slovène'),(165,'Somalie','الصومال','af','SO','??','Somalia','','',NULL,19655000,'https://flagcdn.com/w320/so.png',NULL,'مقديشو','Mogadishu','Mogadiscio','شلن صومالي','Somali shilling','Shilling somalien','عربي','Arabic','arabe'),(166,'Soudan','السودان','af','SD','??','Sudan','','',NULL,51662000,'https://flagcdn.com/w320/sd.png',NULL,'الخرطوم','Khartoum','Khartoum','جنيه سوداني','Sudanese pound','Livre soudanaise','عربي','Arabic','arabe'),(167,'Soudan du Sud','جنوب السودان','af','SS','??','South Sudan','','',NULL,15786898,'https://flagcdn.com/w320/ss.png',NULL,'جوبا','Juba','Djouba','جنيه جنوب السودان','South Sudanese pound','Livre sud-soudanaise','إنجليزي','English','Anglais'),(168,'Sri Lanka','سريلانكا','as','LK','??','Sri Lanka','','',NULL,21763170,'https://flagcdn.com/w320/lk.png',NULL,'سري جاياواردينبورا كوتي','Sri Jayawardenepura Kotte','Sri Jayawardenepura Kotte','الروبية السريلانكية','Sri Lankan rupee','Roupie sri lankaise','السنهالية','Sinhala','Cinghalais'),(169,'Suède','السويد','eu','SE','??','Sweden','','',599,10605098,'https://flagcdn.com/w320/se.png',NULL,'ستوكهولم','Stockholm','Stockholm','الكرونا السويدية','Swedish krona','couronne suédoise','السويدية','Swedish','suédois'),(170,'Suisse','سويسرا','eu','CH','??','Switzerland','','',818,9082848,'https://flagcdn.com/w320/ch.png',NULL,'برن','Bern','Berne','الفرنك السويسري','Swiss franc','franc suisse','فرنسي','French','Français'),(171,'Surinam','سورينام','sa','SR','??','Suriname','','',NULL,616500,'https://flagcdn.com/w320/sr.png',NULL,'باراماريبو','Paramaribo','Paramaribo','الدولار السورينامي','Surinamese dollar','dollar surinamais','هولندي','Dutch','Néerlandais'),(172,'Swaziland','إسواتيني','af','SZ','??','Eswatini','','',NULL,1235549,'https://flagcdn.com/w320/sz.png',NULL,'مبابان','Mbabane','Mbabane','ليلانجيني سوازيلندي','Swazi lilangeni','Lilangeni swazi','إنجليزي','English','Anglais'),(173,'Syrie','سوريا','as','SY','??','Syria','','',NULL,25620000,'https://flagcdn.com/w320/sy.png',NULL,'دمشق','Damascus','Damas','الليرة السورية','Syrian pound','Livre syrienne','عربي','Arabic','arabe'),(174,'Tadjikistan','طاجيكستان','as','TJ','??','Tajikistan','','',NULL,10499000,'https://flagcdn.com/w320/tj.png',NULL,'دوشانبي','Dushanbe','Douchanbé','السوموني الطاجيكي','Tajikistani somoni','somoni tadjik','الروسية','Russian','russe'),(175,'Tanzanie','تنزانيا','af','TZ','??','Tanzania','','',NULL,68153004,'https://flagcdn.com/w320/tz.png',NULL,'دودوما','Dodoma','Dodoma','شلن تنزاني','Tanzanian shilling','Shilling tanzanien','إنجليزي','English','Anglais'),(176,'Tchad','تشاد','af','TD','??','Chad','','',NULL,19340757,'https://flagcdn.com/w320/td.png',NULL,'نجامينا','N'Djamena','N'Djaména','فرنك وسط أفريقيا','Central African CFA franc','Franc CFA d'Afrique centrale','عربي','Arabic','arabe'),(177,'Thaïlande','تايلند','as','TH','??','Thailand','','',512,65859640,'https://flagcdn.com/w320/th.png',NULL,'بانكوك','Bangkok','Bangkok','باهت تايلاندي','Thai baht','Baht thaïlandais','التايلاندية','Thai','thaïlandais'),(178,'Timor oriental','تيمور الشرقية','as','TL','??','Timor-Leste','','',NULL,1391221,'https://flagcdn.com/w320/tl.png',NULL,'ديلي','Dili','Dili','دولار الولايات المتحدة','United States dollar','Dollar américain','البرتغالية','Portuguese','portugais'),(179,'Togo','توغو','af','TG','??','Togo','','',NULL,8095498,'https://flagcdn.com/w320/tg.png',NULL,'لومي','Lomé','Lomé','فرنك غرب أفريقيا','West African CFA franc','Franc CFA ouest-africain','فرنسي','French','Français'),(180,'Tonga','تونغا','oc','TO','??','Tonga','','',NULL,100179,'https://flagcdn.com/w320/to.png',NULL,'نوكوالوفا','Nuku'alofa','Nuku'alofa','تونجا بانجا','Tongan paʻanga','Pa'anga tongan','إنجليزي','English','Anglais'),(181,'Trinité-et-Tobago','ترينيداد وتوباغو','sa','TT','??','Trinidad and Tobago','','',NULL,1367764,'https://flagcdn.com/w320/tt.png',NULL,'ميناء اسبانيا','Port of Spain','Port d'Espagne','دولار ترينيداد وتوباغو','Trinidad and Tobago dollar','Dollar de Trinité-et-Tobago','إنجليزي','English','Anglais'),(182,'Turkménistan','تركمانستان','as','TM','??','Turkmenistan','','',NULL,7057841,'https://flagcdn.com/w320/tm.png',NULL,'عشق أباد','Ashgabat','Achgabat','تركمانستان مانات','Turkmenistan manat','Manat du Turkménistan','الروسية','Russian','russe'),(183,'Turquie','تركيا','as','TR','??','Turkey','','',903,85664944,'https://flagcdn.com/w320/tr.png',NULL,'أنقرة','Ankara','Ankara','الليرة التركية','Turkish lira','livre turque','تركي','Turkish','turc'),(184,'Tuvalu','توفالو','oc','TV','??','Tuvalu','','',NULL,10643,'https://flagcdn.com/w320/tv.png',NULL,'فونافوتي','Funafuti','Funafuti','الدولار الأسترالي','Australian dollar','dollar australien','إنجليزي','English','Anglais'),(185,'Ukraine','أوكرانيا','eu','UA','??','Ukraine','','',NULL,32862000,'https://flagcdn.com/w320/ua.png',NULL,'كييف','Kyiv','Kyiv','الهريفنيا الأوكرانية','Ukrainian hryvnia','Hryvnia ukrainienne','الأوكرانية','Ukrainian','ukrainien'),(186,'Uruguay','الأوروغواي','sa','UY','??','Uruguay','','',NULL,3499451,'https://flagcdn.com/w320/uy.png',NULL,'مونتيفيديو','Montevideo','Montevidéo','البيزو الأوروغواي','Uruguayan peso','peso uruguayen','الأسبانية','Spanish','Espagnol'),(187,'Vanuatu','فانواتو','oc','VU','??','Vanuatu','','',NULL,321409,'https://flagcdn.com/w320/vu.png',NULL,'بورت فيلا','Port Vila','Port-Vila','فانواتو فاتو','Vanuatu vatu','Vanuatu vatu','بيسلاما','Bislama','bichlama'),(188,'Cité du Vatican','مدينة الفاتيكان','eu','VA','??','Vatican City','','',NULL,882,'https://flagcdn.com/w320/va.png',NULL,'مدينة الفاتيكان','Vatican City','Cité du Vatican','اليورو','Euro','Euro','ايطالي','Italian','italien'),(189,'Venezuela','فنزويلا','sa','VE','??','Venezuela','','',NULL,28517000,'https://flagcdn.com/w320/ve.png',NULL,'كاراكاس','Caracas','Caracas','بوليفار فنزويلي سوبرانو','Venezuelan bolívar soberano','Bolivar soberano vénézuélien','الأسبانية','Spanish','Espagnol'),(190,'Viêt Nam','فيتنام','as','VN','??','Vietnam','','',408,101343800,'https://flagcdn.com/w320/vn.png',NULL,'هانوي','Hanoi','Hanoï','الفيتنامية đồng','Vietnamese đồng','đồng vietnamien','الفيتنامية','Vietnamese','vietnamien'),(191,'Yémen','اليمن','as','YE','??','Yemen','','',NULL,32684503,'https://flagcdn.com/w320/ye.png',NULL,'صنعاء','Sana'a','Sanaa','الريال اليمني','Yemeni rial','Rial yéménite','عربي','Arabic','arabe'),(192,'Zambie','زامبيا','af','ZM','??','Zambia','','',NULL,19693423,'https://flagcdn.com/w320/zm.png',NULL,'لوساكا','Lusaka','Lusaka','الكواشا الزامبية','Zambian kwacha','Kwacha zambien','إنجليزي','English','Anglais'),(193,'Zimbabwe','زيمبابوي','af','ZW','??','Zimbabwe','','',NULL,17073087,'https://flagcdn.com/w320/zw.png',NULL,'هراري','Harare','Harare','الدولار الزيمبابوي','Zimbabwean dollar','dollar zimbabwéen','شيباروي','Chibarwe','Chibarwe'),(194,'Îles Cook','جزر كوك','oc','CK','??','Cook Islands','','',NULL,15040,'https://flagcdn.com/w320/ck.png',NULL,'أفاروا','Avarua','Avarua','دولار جزر كوك','Cook Islands dollar','Dollar des Îles Cook','إنجليزي','English','Anglais'),(195,'Îles Féroé','جزر فارو','eu','FO','??','Faroe Islands','','',NULL,54885,'https://flagcdn.com/w320/fo.png',NULL,'تورشافن','Tórshavn','Tórshavn','كرونة دنماركية','Danish krone','Couronne danoise','دانماركي','Danish','danois'),(196,'Îles Marshall','جزر مارشال','oc','MH','??','Marshall Islands','','',NULL,42418,'https://flagcdn.com/w320/mh.png',NULL,'ماجورو','Majuro','Majuro','دولار الولايات المتحدة','United States dollar','Dollar américain','إنجليزي','English','Anglais'),(197,'Îles Salomon','جزر سليمان','oc','SB','??','Solomon Islands','','',NULL,750325,'https://flagcdn.com/w320/sb.png',NULL,'هونيارا','Honiara','Honiara','دولار جزر سليمان','Solomon Islands dollar','Dollar des Îles Salomon','إنجليزي','English','Anglais');
/*!40000 ALTER TABLE `mosques_country` ENABLE KEYS */;
UNLOCK TABLES;

--
-- Table structure for table `mosques_mosque`
--

DROP TABLE IF EXISTS `mosques_mosque`;
/*!40101 SET @saved_cs_client     = @@character_set_client */;
/*!50503 SET character_set_client = utf8mb4 */;
CREATE TABLE `mosques_mosque` (
  `id` bigint NOT NULL AUTO_INCREMENT,
  `name` varchar(255) COLLATE utf8mb4_unicode_ci NOT NULL,
  `country` varchar(100) COLLATE utf8mb4_unicode_ci NOT NULL,
  `city` varchar(100) COLLATE utf8mb4_unicode_ci NOT NULL,
  `village` varchar(100) COLLATE utf8mb4_unicode_ci NOT NULL,
  `address` longtext COLLATE utf8mb4_unicode_ci NOT NULL,
  `latitude` decimal(10,8) DEFAULT NULL,
  `longitude` decimal(11,8) DEFAULT NULL,
  `description` longtext COLLATE utf8mb4_unicode_ci NOT NULL,
  `history` longtext COLLATE utf8mb4_unicode_ci NOT NULL,
  `is_verified` tinyint(1) NOT NULL,
  `created_at` datetime(6) NOT NULL,
  `updated_at` datetime(6) NOT NULL,
  `wilaya_id` bigint DEFAULT NULL,
  `main_photo` varchar(255) COLLATE utf8mb4_unicode_ci DEFAULT NULL,
  `international_region` varchar(100) COLLATE utf8mb4_unicode_ci DEFAULT NULL,
  `country_link_id` bigint DEFAULT NULL,
  `description_ar` longtext COLLATE utf8mb4_unicode_ci,
  `description_en` longtext COLLATE utf8mb4_unicode_ci,
  `description_fr` longtext COLLATE utf8mb4_unicode_ci,
  `history_ar` longtext COLLATE utf8mb4_unicode_ci,
  `history_en` longtext COLLATE utf8mb4_unicode_ci,
  `history_fr` longtext COLLATE utf8mb4_unicode_ci,
  PRIMARY KEY (`id`),
  KEY `mosques_mosque_wilaya_id_313dfc75_fk_mosques_wilaya_id` (`wilaya_id`),
  KEY `mosques_mosque_country_link_id_6da5cb85_fk_mosques_country_id` (`country_link_id`),
  CONSTRAINT `mosques_mosque_country_link_id_6da5cb85_fk_mosques_country_id` FOREIGN KEY (`country_link_id`) REFERENCES `mosques_country` (`id`),
  CONSTRAINT `mosques_mosque_wilaya_id_313dfc75_fk_mosques_wilaya_id` FOREIGN KEY (`wilaya_id`) REFERENCES `mosques_wilaya` (`id`)
) ENGINE=InnoDB AUTO_INCREMENT=22 DEFAULT CHARSET=utf8mb4 COLLATE=utf8mb4_unicode_ci;
/*!40101 SET character_set_client = @saved_cs_client */;

--
-- Dumping data for table `mosques_mosque`
--

LOCK TABLES `mosques_mosque` WRITE;
/*!40000 ALTER TABLE `mosques_mosque` DISABLE KEYS */;
INSERT INTO `mosques_mosque` VALUES (2,'جامع الـجزائر','الـجزائر','الحراش','','المحمدية، الحراش، الجزائر العاصمة',36.73513000,3.14023000,'','',1,'2026-01-24 21:34:07.510416','2026-02-09 18:54:49.522172',1,NULL,NULL,1,NULL,NULL,'',NULL,NULL,''),(3,'La grande Mosquée de Paris','France','Paris','','2bis Pl. du Puits de l'Ermite. 75005',48.84225000,2.35505000,'','',1,'2026-01-26 19:36:47.341623','2026-01-31 22:26:55.789220',NULL,NULL,NULL,2,NULL,NULL,'',NULL,NULL,''),(4,'La mosquée Bleue','Turquie','Istanboul','','Cankurtaran, At Meydanı Cd No:7, 34122 Fatih/İstanbul, Turquie',41.00557000,28.97677000,'','',1,'2026-01-27 18:07:10.575138','2026-01-31 22:26:34.121359',NULL,NULL,NULL,183,NULL,NULL,'',NULL,NULL,''),(9,'الْمَسْجِدُ ٱلْحَرَام','السعودية','مكة المكرمة','','Al Haram, Makkah 24231',21.25190000,39.49340000,'The Grand Mosque (Masjid al-Haram) is the holiest mosque in Islam, located in the heart of Mecca, in western Saudi Arabia. At its center stands the Kaaba, which, according to Islamic belief, is the first house of worship built for humanity on Earth. This is the most sacred and revered place on Earth for Muslims. The Grand Mosque is the direction Muslims face in prayer (qibla), and it is the destination of the Hajj pilgrimage. It is called the Grand Mosque because fighting within its precincts has been forbidden since the Prophet Muhammad's triumphant entry into Mecca. Muslims believe that a single prayer performed there is equivalent to one hundred thousand prayers elsewhere.','The Construction of the KaabarnrnThe history of the mosque begins with the construction of the Holy Kaaba. It was first built by angels before Adam (peace be upon him), and it was made of red ruby. This structure was then raised to heaven during the Flood. After the Flood, the Prophet Abraham and his son Ishmael (peace be upon them both) rebuilt the Kaaba after God revealed its location to Abraham (peace be upon him). God Almighty says: {And [remember] when We assigned to Abraham the site of the House, [saying], "Do not associate anything with Me and purify My House for those who perform Tawaf and those who stand [in prayer] and those who bow and prostrate [in prayer]."} (26) (Surah Al-Hajj, verse 26).rnrnThus, God Almighty commanded Abraham (peace be upon him) to build the Sacred House. The Holy Quran mentions the building of the Kaaba by Prophet Abraham and his son Ishmael (peace be upon them both) and the purification of the surrounding area. The angel Gabriel (peace be upon him) brought the Black Stone to Abraham (peace be upon him). Initially, it was not black but rather a brilliant white, as the Prophet Muhammad (peace and blessings be upon him) said, “The Black Stone is from Paradise and was whiter than snow until the sins of the polytheists blackened it.”rnrnIt remained as it was until it was rebuilt by the Quraysh during the pre-Islamic era, about thirty years after the Year of the Elephant, following a great fire at the Kaaba. This fire was caused by a Quraysh woman attempting to fumigate the Kaaba, which ignited and weakened the structure. A flood then came and damaged parts of the Kaaba. The Quraysh rebuilt it, and the Prophet Muhammad, who was 35 years old at the time, was present and personally participated in the work alongside his uncles. When the Quraysh wanted to raise the Black Stone to its place during this rebuilding, they argued amongst themselves, to the point of near-war. They eventually agreed that the first man to emerge from their quarter would judge between them. The Messenger of God was the first to emerge, and he ruled that the Black Stone should be placed in a cloth (or covering) and then lifted by the tribal leaders. They lifted it, and then Muhammad, peace be upon him, ascended and placed it in its place with his own blessed hand. It should also be noted that Qusayy ibn Kilab, one of the Prophet Muhammad's ancestors, was the first to roof the Kaaba, using palm wood and palm fronds, before the Quraysh rebuilt it. For the Kaaba, a long time ago.',1,'2026-01-31 20:14:18.072317','2026-02-03 01:48:30.595840',NULL,NULL,NULL,13,'المَسْجِدُ الحَرَام هو أعظم مسجد في الإسلام ويقع في قلب مدينة مكة غرب المملكة العربية السعودية، تتوسطه الكعبة المشرفة التي هي أول بيت وضع للناس على وجه الأرض ليعبدوا الله فيه تبعاً للعقيدة الإسلامية، وهذه هي أعظم وأقدس بقعة على وجه الأرض عند المسلمين. والمسجد الحرام هو قبلة المسلمين في صلاتهم، وإليه يحجون. سمي بالمسجد الحرام لحرمة القتال فيه منذ دخول النبي محمد إلى مكة المكرمة منتصراً. ويؤمن المسلمون أن الصلاة فيه تعادل مئة ألف صلاة.','The Grand Mosque (Masjid al-Haram) is the holiest mosque in Islam, located in the heart of Mecca, in western Saudi Arabia. At its center stands the Kaaba, which, according to Islamic belief, is the first house of worship built for humanity on Earth. This is the most sacred and revered place on Earth for Muslims. The Grand Mosque is the direction Muslims face in prayer (qibla), and it is the destination of the Hajj pilgrimage. It is called the Grand Mosque because fighting within its precincts has been forbidden since the Prophet Muhammad's triumphant entry into Mecca. Muslims believe that a single prayer performed there is equivalent to one hundred thousand prayers elsewhere.','La Grande Mosquée (Masjid al-Haram) est le lieu de culte le plus sacré de l'islam. Située au cœur de La Mecque, dans l'ouest de l'Arabie saoudite, elle abrite en son centre la Kaaba, premier lieu de culte construit pour l'humanité selon la tradition islamique. C'est l'endroit le plus sacré et vénéré au monde pour les musulmans. La Grande Mosquée est la direction vers laquelle les musulmans se tournent pour prier (qibla) et le but du pèlerinage du Hajj. Elle est appelée ainsi car les combats y sont interdits depuis l'entrée triomphale du prophète Mahomet à La Mecque. Les musulmans croient qu'une seule prière accomplie en la Grande Mosquée équivaut à cent mille prières accomplies ailleurs.','مرحلة تشييد الكعبةrnيبدأ تاريخ المسجد بتاريخ بناء الكعبة المشرفة، وقد بناها أول مرة الملائكة قبل آدم عليه السلام، وكانت من ياقوتة حمراء، ثم رفع ذلك البناء إلى السماء أيام الطوفان، وبعد الطوفان قام النبي إبراهيم مع ابنه إسماعيل عليهما السلام، بإعادة بناء الكعبة، بعد أن أوحى الله إلى إبراهيم عليه السلام بمكان البيت، قال تعالى: ﴿وَإِذْ بَوَّأْنَا لِإِبْرَاهِيمَ مَكَانَ الْبَيْتِ أَنْ لَا تُشْرِكْ بِي شَيْئًا وَطَهِّرْ بَيْتِيَ لِلطَّائِفِينَ وَالْقَائِمِينَ وَالرُّكَّعِ السُّجُودِ ٢٦﴾(2) (سورة الحج الآية 26).rnrnوهـكذا أمر الله سبحانه وتعالى إبراهيم عليه السلام ببناء البيت الحرام. وذكر القرآن الكريم بناء سيدنا إبراهيم وابنه إسماعيل عليهما السلام للكعبة وتطهير المساحة المحيطة به، ولقد جاءه (أي إبراهيم عليه السلام) جبريل عليه السلام بالحجر الأسود، ولم يكن في بادئ الأمر أسود بل كان أَبْيَضَا يتلألأ من شدة البياض وذلك لقول الرسول ﷺ «الحجر الأسود من الجنة وكان أشد بياضا من الثلج حتى سودته خطايا أهل الشرك».rnrnوبقيت على حالها إلى أن تم إعادة بنائها على يد قريش في الجاهلية، بعد عام الفيل بحوالي ثلاثين عاماً بعد أن حدث حريق كبير بالكعبة، نتج عن محاولة امرأة من قريش تبخير الكعبة فاشتعلت النار وضعف البناء، ثم جاء سيل حطم أجزاء الكعبة، فأعادت قريش بناء الكعبة، وقد حضره النبي، وكان يبلغ من العمر حينها 35 سنة وشارك بنفسه الشريفة أعمامه في العمل، ولما أرادت قريش في هذا البناء أن ترفع الحجر الأسود لتضعه في مكانه اختصمت فيما بينها، حتى كانت تقع الحرب، ثم اصطلحوا على أن يحكم بينهم أول رجل يخرج من عليهم من هذه السكة، فكان رسول الله أول من خرج فقضى بينهم أن يجعلوا الحجر الأسود في مرط (أي كساء) ثم يرفعه زعماء القبائل فرفعوه ثم ارتقى محمد عليه السلام فوضعه بيده الشريفة مكانه، ويجب أن نشير أيضا أن قصي بن كلاب وهو أحد أجداد الرسول محمد أول من سَقْف الكعبة، حيث قام بسقفها بخشب الدوم وجريد النخيل، وذلك قبل بناء قريش للكعبة بزمن طويل.','The Construction of the KaabarnrnThe history of the mosque begins with the construction of the Holy Kaaba. It was first built by angels before Adam (peace be upon him), and it was made of red ruby. This structure was then raised to heaven during the Flood. After the Flood, the Prophet Abraham and his son Ishmael (peace be upon them both) rebuilt the Kaaba after God revealed its location to Abraham (peace be upon him). God Almighty says: {And [remember] when We assigned to Abraham the site of the House, [saying], "Do not associate anything with Me and purify My House for those who perform Tawaf and those who stand [in prayer] and those who bow and prostrate [in prayer]."} (26) (Surah Al-Hajj, verse 26).rnrnThus, God Almighty commanded Abraham (peace be upon him) to build the Sacred House. The Holy Quran mentions the building of the Kaaba by Prophet Abraham and his son Ishmael (peace be upon them both) and the purification of the surrounding area. The angel Gabriel (peace be upon him) brought the Black Stone to Abraham (peace be upon him). Initially, it was not black but rather a brilliant white, as the Prophet Muhammad (peace and blessings be upon him) said, “The Black Stone is from Paradise and was whiter than snow until the sins of the polytheists blackened it.”rnrnIt remained as it was until it was rebuilt by the Quraysh during the pre-Islamic era, about thirty years after the Year of the Elephant, following a great fire at the Kaaba. This fire was caused by a Quraysh woman attempting to fumigate the Kaaba, which ignited and weakened the structure. A flood then came and damaged parts of the Kaaba. The Quraysh rebuilt it, and the Prophet Muhammad, who was 35 years old at the time, was present and personally participated in the work alongside his uncles. When the Quraysh wanted to raise the Black Stone to its place during this rebuilding, they argued amongst themselves, to the point of near-war. They eventually agreed that the first man to emerge from their quarter would judge between them. The Messenger of God was the first to emerge, and he ruled that the Black Stone should be placed in a cloth (or covering) and then lifted by the tribal leaders. They lifted it, and then Muhammad, peace be upon him, ascended and placed it in its place with his own blessed hand. It should also be noted that Qusayy ibn Kilab, one of the Prophet Muhammad's ancestors, was the first to roof the Kaaba, using palm wood and palm fronds, before the Quraysh rebuilt it. For the Kaaba, a long time ago.','La construction de la KaabarnrnL'histoire de la mosquée commence avec la construction de la Sainte Kaaba. Elle fut d'abord érigée par des anges avant Adam (que la paix soit sur lui), et faite de rubis rouge. Cette structure fut ensuite élevée au ciel lors du Déluge. Après le Déluge, le prophète Abraham et son fils Ismaël (que la paix soit sur eux deux) reconstruisirent la Kaaba après que Dieu en eut révélé l'emplacement à Abraham (que la paix soit sur lui). Dieu Tout-Puissant dit : « Et [rappelez-vous] lorsque Nous avons assigné à Abraham l'emplacement de la Maison, [en disant] : « Ne M'associe rien et purifie Ma Maison pour ceux qui accomplissent le Tawaf, ceux qui se tiennent debout [en prière] et ceux qui s'inclinent et se prosternent [en prière]. » (26) (Sourate Al-Hajj, verset 26).rnrnAinsi, Dieu Tout-Puissant ordonna à Abraham (que la paix soit sur lui) de construire la Maison Sacrée. Le Saint Coran mentionne la construction de la Kaaba par le prophète Abraham et son fils Ismaël (que la paix soit sur eux) et la purification des environs. L'ange Gabriel (que la paix soit sur lui) apporta la Pierre Noire à Abraham (que la paix soit sur lui). À l'origine, elle n'était pas noire, mais d'un blanc éclatant, comme l'a dit le prophète Mohammed (que la paix et les bénédictions soient sur lui) : « La Pierre Noire vient du Paradis et était plus blanche que la neige jusqu'à ce que les péchés des polythéistes la noircissent. »rnrnElle demeura ainsi jusqu'à sa reconstruction par les Qurayshites à l'époque préislamique, environ trente ans après l'Année de l'Éléphant, suite à un grand incendie. Cet incendie fut provoqué par une femme qurayshite qui tentait de désinfecter la Kaaba, ce qui enflamma et fragilisa la structure. Une inondation survint ensuite et endommagea des parties de la Kaaba. Les Qurayshites la reconstruisirent, et le prophète Mohammed, alors âgé de 35 ans, était présent et participa personnellement aux travaux aux côtés de ses oncles. Lors de la reconstruction de la Kaaba, les Qurayshites voulurent la remettre à sa place. Des querelles éclatèrent entre eux, frôlant la guerre. Ils finirent par convenir que le premier homme qui se présenterait de leur quartier trancherait. Le Messager de Dieu fut le premier à apparaître et décréta que la Pierre Noire devait être placée dans un tissu (ou une couverture) puis soulevée par les chefs tribaux. Ils s'exécutèrent, puis Muhammad (que la paix soit sur lui) monta et la remit en place de sa propre main bénie. Il convient également de noter que Qusayy ibn Kilab, un ancêtre du Prophète Muhammad, fut le premier à couvrir la Kaaba, utilisant du bois et des palmes de palmier, avant sa reconstruction par les Qurayshites. Quant à la Kaaba, cela remonte à bien longtemps.');
/*!40000 ALTER TABLE `mosques_mosque` ENABLE KEYS */;
UNLOCK TABLES;

--
-- Table structure for table `mosques_mosquephoto`
--

DROP TABLE IF EXISTS `mosques_mosquephoto`;
/*!40101 SET @saved_cs_client     = @@character_set_client */;
/*!50503 SET character_set_client = utf8mb4 */;
CREATE TABLE `mosques_mosquephoto` (
  `id` bigint NOT NULL AUTO_INCREMENT,
  `image` varchar(255) COLLATE utf8mb4_unicode_ci NOT NULL,
  `uploaded_by` varchar(100) COLLATE utf8mb4_unicode_ci NOT NULL,
  `is_approved` tinyint(1) NOT NULL,
  `created_at` datetime(6) NOT NULL,
  `mosque_id` bigint NOT NULL,
  `image_url` varchar(200) COLLATE utf8mb4_unicode_ci NOT NULL,
  `caption` varchar(250) COLLATE utf8mb4_unicode_ci DEFAULT NULL,
  PRIMARY KEY (`id`),
  KEY `mosques_mosquephoto_mosque_id_8ba2f3ec_fk_mosques_mosque_id` (`mosque_id`),
  CONSTRAINT `mosques_mosquephoto_mosque_id_8ba2f3ec_fk_mosques_mosque_id` FOREIGN KEY (`mosque_id`) REFERENCES `mosques_mosque` (`id`)
) ENGINE=InnoDB AUTO_INCREMENT=47 DEFAULT CHARSET=utf8mb4 COLLATE=utf8mb4_unicode_ci;
/*!40101 SET character_set_client = @saved_cs_client */;

--
-- Dumping data for table `mosques_mosquephoto`
--

LOCK TABLES `mosques_mosquephoto` WRITE;
/*!40000 ALTER TABLE `mosques_mosquephoto` DISABLE KEYS */;
INSERT INTO `mosques_mosquephoto` VALUES (4,'image/upload/https://res.cloudinary.com/dqlge8jhv/image/upload/v1769290302/vcnpb1x5fuigqroijmb7.jpg','Admin (proposition)',1,'2026-01-24 21:34:07.514060',2,'https://res.cloudinary.com/dqlge8jhv/image/upload/v1769290302/vcnpb1x5fuigqroijmb7.jpg',''),(5,'image/upload/https://res.cloudinary.com/dqlge8jhv/image/upload/v1769290302/jrwsyvkqfww7ko20q05k.jpg','Admin (proposition)',1,'2026-01-24 21:34:07.530143',2,'https://res.cloudinary.com/dqlge8jhv/image/upload/v1769290302/jrwsyvkqfww7ko20q05k.jpg',''),(6,'image/upload/https://res.cloudinary.com/dqlge8jhv/image/upload/v1769290303/q24t0dzjesqyefw5crih.jpg','Admin (proposition)',1,'2026-01-24 21:34:07.531164',2,'https://res.cloudinary.com/dqlge8jhv/image/upload/v1769290303/q24t0dzjesqyefw5crih.jpg',''),(7,'image/upload/https://res.cloudinary.com/dqlge8jhv/image/upload/v1769290304/ghmyt3oona944jvpddrq.jpg','Admin (proposition)',1,'2026-01-24 21:34:07.533153',2,'https://res.cloudinary.com/dqlge8jhv/image/upload/v1769290304/ghmyt3oona944jvpddrq.jpg',''),(8,'image/upload/https://res.cloudinary.com/dqlge8jhv/image/upload/v1769290305/pyybpcvif2yj8wggbo7u.avif','Admin (proposition)',1,'2026-01-24 21:34:07.534153',2,'https://res.cloudinary.com/dqlge8jhv/image/upload/v1769290305/pyybpcvif2yj8wggbo7u.avif',''),(9,'https://res.cloudinary.com/dqlge8jhv/image/upload/v1769456169/uq1wwvxkew2kcx9hcqbj.jpg','Admin (proposition)',1,'2026-01-26 19:36:47.343808',3,'https://res.cloudinary.com/dqlge8jhv/image/upload/v1769456169/uq1wwvxkew2kcx9hcqbj.jpg',NULL),(10,'https://res.cloudinary.com/dqlge8jhv/image/upload/v1769456170/vs9tjkmkvusn39raar3v.jpg','Admin (proposition)',1,'2026-01-26 19:36:47.344814',3,'https://res.cloudinary.com/dqlge8jhv/image/upload/v1769456170/vs9tjkmkvusn39raar3v.jpg',NULL),(11,'https://res.cloudinary.com/dqlge8jhv/image/upload/v1769456171/uedjipx203iymqbkpc8v.jpg','Admin (proposition)',1,'2026-01-26 19:36:47.345837',3,'https://res.cloudinary.com/dqlge8jhv/image/upload/v1769456171/uedjipx203iymqbkpc8v.jpg',NULL),(12,'https://res.cloudinary.com/dqlge8jhv/image/upload/v1769537104/qa7tcj735rpcnqhnxl95.avif','Admin (proposition)',1,'2026-01-27 18:07:10.582357',4,'https://res.cloudinary.com/dqlge8jhv/image/upload/v1769537104/qa7tcj735rpcnqhnxl95.avif',NULL),(13,'https://res.cloudinary.com/dqlge8jhv/image/upload/v1769537105/amdy9etjtfdhh1m0dcdp.avif','Admin (proposition)',1,'2026-01-27 18:07:10.582357',4,'https://res.cloudinary.com/dqlge8jhv/image/upload/v1769537105/amdy9etjtfdhh1m0dcdp.avif',NULL),(14,'https://res.cloudinary.com/dqlge8jhv/image/upload/v1769537106/e5y6nwalwgxzyt7t8kib.avif','Admin (proposition)',1,'2026-01-27 18:07:10.583846',4,'https://res.cloudinary.com/dqlge8jhv/image/upload/v1769537106/e5y6nwalwgxzyt7t8kib.avif',NULL),(21,'https://res.cloudinary.com/dqlge8jhv/image/upload/v1769885390/ycmalqbtzowpnzdo2zhz.jpg','Admin (proposition)',1,'2026-01-31 20:14:18.075492',9,'https://res.cloudinary.com/dqlge8jhv/image/upload/v1769885390/ycmalqbtzowpnzdo2zhz.jpg',NULL),(22,'https://res.cloudinary.com/dqlge8jhv/image/upload/v1769885391/natbqcluyh8cb1kwrlu4.jpg','Admin (proposition)',1,'2026-01-31 20:14:18.076570',9,'https://res.cloudinary.com/dqlge8jhv/image/upload/v1769885391/natbqcluyh8cb1kwrlu4.jpg',NULL),(23,'https://res.cloudinary.com/dqlge8jhv/image/upload/v1769885391/agouamoxw4mifw0engeb.jpg','Admin (proposition)',1,'2026-01-31 20:14:18.077843',9,'https://res.cloudinary.com/dqlge8jhv/image/upload/v1769885391/agouamoxw4mifw0engeb.jpg',NULL),(24,'https://res.cloudinary.com/dqlge8jhv/image/upload/v1769885392/lddaw76vfb0uv7cva47d.jpg','Admin (proposition)',1,'2026-01-31 20:14:18.077843',9,'https://res.cloudinary.com/dqlge8jhv/image/upload/v1769885392/lddaw76vfb0uv7cva47d.jpg',NULL),(25,'https://res.cloudinary.com/dqlge8jhv/image/upload/v1769885392/kj0ojeopjfjjhvwq5yji.jpg','Admin (proposition)',1,'2026-01-31 20:14:18.079103',9,'https://res.cloudinary.com/dqlge8jhv/image/upload/v1769885392/kj0ojeopjfjjhvwq5yji.jpg',NULL),(46,'image/upload/v1770344919/sjqusi3dpbzxfal4fsbj.jpg','marcopolo67',1,'2026-02-06 02:28:40.953248',9,'',NULL);
/*!40000 ALTER TABLE `mosques_mosquephoto` ENABLE KEYS */;
UNLOCK TABLES;

--
-- Table structure for table `mosques_proposition`
--

DROP TABLE IF EXISTS `mosques_proposition`;
/*!40101 SET @saved_cs_client     = @@character_set_client */;
/*!50503 SET character_set_client = utf8mb4 */;
CREATE TABLE `mosques_proposition` (
  `id` bigint NOT NULL AUTO_INCREMENT,
  `name` varchar(255) COLLATE utf8mb4_unicode_ci NOT NULL,
  `city` varchar(100) COLLATE utf8mb4_unicode_ci NOT NULL,
  `village` varchar(100) COLLATE utf8mb4_unicode_ci NOT NULL,
  `address` longtext COLLATE utf8mb4_unicode_ci NOT NULL,
  `description` longtext COLLATE utf8mb4_unicode_ci NOT NULL,
  `history` longtext COLLATE utf8mb4_unicode_ci NOT NULL,
  `contributor_email` varchar(254) COLLATE utf8mb4_unicode_ci NOT NULL,
  `contributor_ip` char(39) COLLATE utf8mb4_unicode_ci DEFAULT NULL,
  `status` varchar(10) COLLATE utf8mb4_unicode_ci NOT NULL,
  `created_at` datetime(6) NOT NULL,
  `reviewed_at` datetime(6) DEFAULT NULL,
  `review_notes` longtext COLLATE utf8mb4_unicode_ci NOT NULL,
  `wilaya_id` bigint DEFAULT NULL,
  `latitude` decimal(10,8) DEFAULT NULL,
  `longitude` decimal(11,8) DEFAULT NULL,
  `country_id` int DEFAULT NULL,
  `photos` longtext COLLATE utf8mb4_unicode_ci NOT NULL,
  `country` varchar(100) COLLATE utf8mb4_unicode_ci DEFAULT 'Algérie',
  `description_ar` longtext COLLATE utf8mb4_unicode_ci,
  `description_en` longtext COLLATE utf8mb4_unicode_ci,
  `description_fr` longtext COLLATE utf8mb4_unicode_ci,
  `history_ar` longtext COLLATE utf8mb4_unicode_ci,
  `history_en` longtext COLLATE utf8mb4_unicode_ci,
  `history_fr` longtext COLLATE utf8mb4_unicode_ci,
  PRIMARY KEY (`id`),
  KEY `mosques_submission_wilaya_id_82c9e1c8_fk_mosques_wilaya_id` (`wilaya_id`),
  CONSTRAINT `mosques_submission_wilaya_id_82c9e1c8_fk_mosques_wilaya_id` FOREIGN KEY (`wilaya_id`) REFERENCES `mosques_wilaya` (`id`)
) ENGINE=InnoDB AUTO_INCREMENT=27 DEFAULT CHARSET=utf8mb4 COLLATE=utf8mb4_unicode_ci;
/*!40101 SET character_set_client = @saved_cs_client */;

--
-- Dumping data for table `mosques_proposition`
--

LOCK TABLES `mosques_proposition` WRITE;
/*!40000 ALTER TABLE `mosques_proposition` DISABLE KEYS */;
INSERT INTO `mosques_proposition` VALUES (2,'جامع الـجزائر','الحراش','','المحمدية، الحراش، الجزائر العاصمة','هذا جامع الـجزائر..rnجَامعُ الجزائر مركزٌ دينيّ، عِلميّ، ثقافيّ وسياحِيّ، يقعُ على تراب بلديّة المُحمَّديَّة بولاية الجزائر، وسط خليجها البحريّ. تبلغُ مساحته 400.000 متر مربّع، يضمّ مسجِدا ضخما للصّلاة، يسع لـ 32000 مصلٍ، وتصلُ طاقة استيعابِه إلى 120 ألف مصلٍ عند احتساب صحنه وباحَاته الخارجيّة.','قاعة الصّلاةِ وصحنها الفسـيح، جاءت في النّصوص القانونيّة المُنشِأة للجامع، تحتَ تسميةِ “الفضاء المسجدِيّ”. ويضُمّ المجمّعُ هياكلَ أخرى ومرافقَ سُمّيت بالهَيئات المدمجة، ووجدت هـذه المرافق لتُساهم في ترسـيخِ قِيم الدّين الإسلاميّ من: قرآن منزّلٍ وسنّةِ مطهّرة على صاحبها أفضل الصّلاة وأتمّ التّسليم، وكذا للحِفاظ على المرجعيّة الدّينيّة الوطنيّة، بما يخدُم مكتسبات الأمّة ويحقّق التّواصل مع الغير.rnوجامع الجزائر هـو معلم حضاريّ، بِهندسته الفَريدة، التي زَاوجـت بين عراقة العِمارة الإسلاميّة بطَابعها المغَاربيّ الأندلسيّ، وآخِر ابْتكارات الهندسة والبِناء في العالم، حيث حقّق عدّةَ أرقامٍ قيَاسيةٍ عالميةٍ في البناء.rnفمن حيث الأبْعادُ الهنْدسيةُ، يُعدّ الجامع بين المساجد الأكبر والأضْخَم عبر العالم، بل هو ثالث أكبرِ مسجدٍ في العالم بعد الحرَمين الشريفَين بمكة المُكرّمَة والمدينَةِ المنوّرَة، وهو أكبر مساجد أفْريقيا على الإطلاق، فمساحة قاعة صلاته تبلغ 22 ألف متر مربع، وقُطر قبته 50 مترا، وفُرِش بـ 27 ألف متر مربع من السجّاد الفاخر المصنوعِ محليّا، وتزيَّنت الحوافّ العلويّة لجدرانه بـ 6 آلاف متر من الزّخرفة بمختلف خطوط الكتابة العربيّة.','','127.0.0.1','approved','2026-01-24 21:31:46.027361',NULL,'',1,36.73513000,3.14023000,NULL,'https://res.cloudinary.com/dqlge8jhv/image/upload/v1769290302/vcnpb1x5fuigqroijmb7.jpg,https://res.cloudinary.com/dqlge8jhv/image/upload/v1769290302/jrwsyvkqfww7ko20q05k.jpg,https://res.cloudinary.com/dqlge8jhv/image/upload/v1769290303/q24t0dzjesqyefw5crih.jpg,https://res.cloudinary.com/dqlge8jhv/image/upload/v1769290304/ghmyt3oona944jvpddrq.jpg,https://res.cloudinary.com/dqlge8jhv/image/upload/v1769290305/pyybpcvif2yj8wggbo7u.avif','الجزائر',NULL,NULL,NULL,NULL,NULL,NULL),(3,'La garnde Mosquée de Paris','Paris','','2bis Pl. du Puits de l'Ermite. 75005','Le 19 octobre 1922, à 14 heures, la première pierre de la Grande Mosquée de Paris était solennellement posée, inaugurant la destinée riche en évènements d’une institution qui demeure à ce jour un sujet de curiosité, une référence, un symbole, un enjeu.rnrn​','1917-1922 : un édifice en reconnaissance des soldats musulmans morts pour la Francern​rnL’idée d’ériger une institution musulmane à Paris remonte au milieu du XIXe siècle. Après des initiatives avortées, le gouvernement français décida finalement de prendre le projet à son compte en décembre 1916, au cœur de la Première Guerre mondiale, lorsque la France dût compter tant et tant de soldats de confession musulmane parmi ses héros tombés, notamment à Verdun lors de la terrible « Bataille du Destin de la France ». Plus de 100 000 d'entre eux perdirent la vie. Ces soldats, arrachés à leurs foyers, devaient être honorés. Et la construction d'une mosquée à Paris devait symboliser cette reconnaissance de la République et consolider les liens entre la France et les populations musulmanes.rnrnrnC’est ainsi que la Société des Habous et des Lieux Saints de l'Islam vit le jour en février 1917 pour présider, jusqu'à aujourd'hui, les destinées de la Grande Mosquée de Paris. Déclarée à Alger sous la direction de Si Kaddour Benghabrit, cette association fut d’abord créée pour organiser le Pèlerinage à La Mecque des musulmans d’Afrique du Nord pendant la Grande Guerre. La réussite de cette mission la conduisit à être agréée pour mener à bien les travaux et la gestion de la future Mosquée de Paris.rnrn​rnrnLe projet de mosquée à Paris remporta rapidement les faveurs de personnalités politiques, intellectuelles et musulmanes influentes. Un Comité de direction fut décidé et présidé par Édouard Herriot, député-maire de Lyon et défenseur de la laïcité républicaine instaurée quelques années plus tôt : malgré son engagement pour la séparation de l’Église et de l’État, Herriot reconnu, avec d'autres, la nécessité de ce projet servant à honorer les musulmans de France et à envoyer un message d'amitié fort à l’ensemble du monde musulman.rnrnrnDurant l'été 1920, la Chambre des députés vota à l’unanimité le projet de loi « en vue de la création de l'Institut musulman de la Mosquée de Paris », à la suite du rapport élaboré par Édouard Herriot. Cette loi attribua une première subvention de financement des travaux, qui fut suivi par de nombreux dons récoltés à travers les pays musulmans. La Grande Mosquée de Paris pouvait voir le jour.','jack.meyers@yahoo.fr','127.0.0.1','approved','2026-01-26 19:36:11.724207',NULL,'',NULL,48.84225000,2.35505000,NULL,'https://res.cloudinary.com/dqlge8jhv/image/upload/v1769456169/uq1wwvxkew2kcx9hcqbj.jpg,https://res.cloudinary.com/dqlge8jhv/image/upload/v1769456170/vs9tjkmkvusn39raar3v.jpg,https://res.cloudinary.com/dqlge8jhv/image/upload/v1769456171/uedjipx203iymqbkpc8v.jpg','France',NULL,NULL,NULL,NULL,NULL,NULL),(4,'La mosquée Bleue','Istanboul','','Cankurtaran, At Meydanı Cd No:7, 34122 Fatih/İstanbul, Turquie','La Mosquée Bleue est la plus grande mosquée d'Istanbul. Son nom en turc est "Sultanahmed Camii", qui signifie mosquée du sultan Ahmed, puisqu'elle a été construite par le sultan Ahmed Ier, entre 1609 et 1616. Elle a été inaugurée en 1617, sous le mandat de Moustapha Ier.','Après la paix de Zsitvatorok, signée par Ahmet Ier avec l'archiduc Matthias d'Autriche, qui mettait fin à la guerre avec la Hongrie sans victoire ottomane décisive, le sultan décida de construire une grande mosquée à Istanbul. C'était la première mosquée impériale construite depuis plus de quarante ans.rnAlors que ses prédécesseurs avaient payé pour l'édification des mosquées avec leur butin de guerre, Ahmet Ier dut retirer les fonds du Trésor, provoquant la colère des oulémas.rnLa mosquée fut construite sur le site de l'ancien Grand Palais des empereurs byzantins, face à la basilique Ayasofya - Sainte Sophie (à cette époque, la mosquée la plus importante à Constantinople) et à l'hippodrome : ce site était d'une grande signification symbolique.rnPlusieurs palais, déjà construits à la même place, ont dû être achetés (à un prix considérable) et détruits, en particulier le palais de Sokollu Mehmet Pacha, et de grandes parties de la Sphendonè (les tribunes courbes à structure en U de l'hippodrome). La construction de la mosquée débuta en août 1609, lorsque le sultan lui-même vint donner le premier coup de pioche. Il avait l'intention que le bâtiment devienne la première mosquée de son empire. Il nomma pour la construction son architecte royal Sedefhar Mehmet Ağa, un élève et assistant principal du fameux architecte Mimar Sinan. L'organisation du travail est décrite dans ses moindres détails en huit volumes, stockés maintenant dans la bibliothèque du palais de Topkapi.rnLes cérémonies d'ouverture eurent lieu en 1617 (bien que la porte de la mosquée porte la date de 1616) et le sultan a pu prier dans la loge royale (Hünkâr Mahfil). Le bâtiment n'était pas encore terminé à la fin du règne d'Ahmet Ier et les dernières factures ont été signées par son successeur Mustafa Ier.rnCoupole centrale et décors intérieurs. La Mosquée bleue s'inscrit dans la politique architecturale d'Ahmet Ier pour rivaliser avec Ayasofya. Il s'agissait de démontrer que les architectes ottomans n'avaient rien à envier à leurs prédécesseurs chrétiens : le plan de la mosquée s'inspire donc de celui de l'église Sainte-Sophie édifiée par Justinien près de mille ans plus tôt, et transformée en mosquée après la prise de Constantinople par les Turcs en 1453. Il s'inspire aussi des édifices construits au siècle précédent par l'architecte Sinan, en particulier de la mosquée Süleymaniye (mosquée de Soliman le Magnifique) et de la mosquée Bayezid II (mosquée de Bayezid II), plus directement inspirées par leur modèle byzantin. Sa coupole, en particulier, tente de s'approcher des dimensions de celle d'Ayasofya (23,5 m de diamètre, contre 30 m à Ayasofya, et 27,5 m pour la mosquée de SolimanrnCette coupole est soutenue par quatre piliers massifs dits en « pattes d'éléphants » et contrebutée par quatre demi-coupoles. 260 fenêtres inondent l'édifice de lumière. L'intérieur est décoré de 21 043 carreaux de faïence d'Iznik à dominante bleue, d'où la mosquée tire son surnom. La mosquée a été représentée sur le verso des billets de 500 livres turques de 1953 à 1976','jack.meyers@yahoo.fr','127.0.0.1','approved','2026-01-27 18:05:06.988425',NULL,'',NULL,41.00557000,28.97677000,NULL,'https://res.cloudinary.com/dqlge8jhv/image/upload/v1769537104/qa7tcj735rpcnqhnxl95.avif,https://res.cloudinary.com/dqlge8jhv/image/upload/v1769537105/amdy9etjtfdhh1m0dcdp.avif,https://res.cloudinary.com/dqlge8jhv/image/upload/v1769537106/e5y6nwalwgxzyt7t8kib.avif','Turquie',NULL,NULL,NULL,NULL,NULL,NULL),(7,'microsoft','a_effacer','a_effacer','a_effacer','xxxxxxxxxxxxxxxxxxxxxxxxxxxxxxxx','xxxxxxxxxxxxxxxxxxxxxxxxxxxxxxxxxxxx','',NULL,'approved','2026-01-27 23:44:42.200232',NULL,'',NULL,36.18916000,5.40431000,NULL,'','pologne',NULL,NULL,NULL,NULL,NULL,NULL),(9,'المسجد الحرام','مكة المكرمة','','','The Kaaba is the direction Muslims face in their prayers, and around it they circumambulate during the Hajj pilgrimage. It is also considered the first house built on Earth according to Islamic belief, and the Grand Mosque (Masjid al-Haram) cannot be mentioned without mentioning the Kaaba, as the mosque's history begins with its construction. Muslims believe that the Kaaba was first built by angels before Adam. It is also known as the Sacred House (al-Bayt al-Haram), so named because God has forbidden fighting within its precincts. Muslims consider it the holiest place on Earth.','بناء قريش للكعبة قبيل الإسلامrnبقيت الكعبة على حالها إلى أن أعيد بناؤها على يد قريش في الجاهلية، وذلك بعد عام الفيل بحوالي ثلاثين عاماً، إذ حدث حريق كبير بالكعبة، نتج عن محاولة امرأة من قريش تبخير الكعبة فاشتعلت النار وضعف البناء، ثم جاء سيل حطم أجزاء الكعبة، فأعادت قريش بناءها، واتفقوا أن لا يُدخلوا في بنائها إلا مالاً طيباً فقصرت بهم النفقة فأخرجوا من جهة الحجر ثلاثة أمتار؛ ومن مميزات بنائهم أنهم رفعوا الباب من مستوى المطاف ليدخل الكعبة من أرادوه وسدوا الباب الخلفي المقابل لهذا الباب وسقفوا الكعبة وجعلوا لها ميزاباً يسكب مياه الأمطار في الحطيم، ورفعوا بناء الكعبة 8.64 متر بعد أن كان 4.32 متر، وقد حضره النبي محمد، وكان يبلغ من العمر حينها 35 سنة وشارك بنفسه الشريفة أعمامه في العمل، ولما أرادت قريش في هذا البناء أن ترفع الحجر الأسود لتضعه في مكانه اختصمت بطون قريش فيما بينها، حتى كادت تقع بينهم الحرب، ثم اصطلحوا على أن يحكم بينهم أول رجل يخرج عليهم من هذه السكة، فكان رسول الله أول من خرج فقضى بينهم أن يجعلوا الحجر الأسود في مرط (أي كساء) ثم يرفعه زعماء القبائل فرفعوه ثم ارتقى محمد فوضعه بيده الشريفة مكانه، فحل بذلك المشكلة التي كادت تسبب حروباً بين قبائل قريش. ويجب أن نشير أيضا أن قصي بن كلاب وهو أحد أجداد الرسول محمد أول من سقف الكعبة، حيث قام بسقفها بخشب الدوم وجريد النخيل، وذلك قبل بناء قريش للكعبة بزمن طويل.rnrnبناء عبد الله بن الزبيرrnوفي عهد عبد الله بن الزبير أعيد بناء الكعبة بعدما أصابها من الحريق الذي شب في الكعبة بعدما رميت بالمنجنيق، أثناء حصار يزيد بن معاوية لمكة في نزاعه مع عبد الله بن الزبير، وسبب الحصار هو أن عبد الله بن الزبير رفض مبايعة يزيد بن معاوية وثار الزبيريون معه في المدينة فأرسل يزيد جيشاً إلى المدينة بقيادة مسلم بن عقبة، ودخلها ثم اتجه إلى مكة ولكنه توفي قبل أن يصل إليها، فخلفه في قيادة الجيش الحصين بن النمير الذي حاصر مكة لفترة، وبالفعل استطاع الحصين أن يسيطر على جبل أبي قبيس وجبل قعيقعان، ثم أخذ يرمي الزبير وأتباعه الذين كانوا متحصنين داخل المسجد بالمنجنيق فأصيب المسجد، ولم يكتف الحصين بذلك بل رمى المسجد بالنار فاحترقت الكعبة، وضعف بنائها، ولكن الحصين عاد إلى الشام بعد أن توفي يزيد.rnrnبعد مبايعة عبد الله بن الزبير خليفة على المسلمين سنة 64 هـ كان أمامه أمران: إما أن يرمم الكعبة أو أن يهدمها ثم يعيد بنائها، فقرر هدم الكعبة وإعادة بنائها على قواعد النبي إبراهيم،، لما كان قد سمع من خالته عائشة أم المؤمنين حديثاً يقول فيه النبي محمد أن قريش نقصوا من بناء الكعبة لأن أموالهم قصرت بهم وأنه لولا حداثة قريش بالإسلام لأعاد بنائها وجعل لها بابين ليدخل الناس من أحدهما ويخرجوا من الآخر. فأعاد عبد الله بناء الكعبة على هذا النحو وزاد في بنائها لتكون على قواعد البناء القديم في عهد إبراهيم وجعل لها بابين على مستوى الأرض. وكان ارتفاعها سبعة وعشرون ذراعاً وعرض جدرانها ذراعين كما جعل لها بابين (شرقي للدخول وغربي للخروج)، كما قام ابن الزبير بتوسعة المسجد الحرام، وقد تمت هذه التوسعة في السنة الخامسة والستين هجرية، وضاعفت من مساحة المسجد وبلغت مساحته عشرة آلاف متر مربع','',NULL,'approved','2026-01-30 23:18:26.505871',NULL,'',NULL,21.42383000,39.82535000,NULL,'','Arabie saoudite','والكعبة هي الجهة التي يتجه إليها المسلمون في صلاتهم، ويطوفون حولها أثناء أداء فريضة الحج.كما يعتبر أول بيت بني على وجه الأرض حسب العقيدة الإسلامية، ولا يمكن ذكر المسجد الحرام دون ذكر الكعبة، حيث يبدأ تاريخ المسجد ببنائه.ويعتقد المسلمون أن الكعبة بنيت لأول مرة من قبل الملائكة قبل آدم.ويعرف أيضاً بالبيت الحرام، وسمي بذلك لأن الله حرم القتال في حرمه.ويعتبره المسلمون أقدس مكان على وجه الأرض.','The Kaaba is the direction Muslims face in their prayers, and around it they circumambulate during the Hajj pilgrimage. It is also considered the first house built on Earth according to Islamic belief, and the Grand Mosque (Masjid al-Haram) cannot be mentioned without mentioning the Kaaba, as the mosque's history begins with its construction. Muslims believe that the Kaaba was first built by angels before Adam. It is also known as the Sacred House (al-Bayt al-Haram), so named because God has forbidden fighting within its precincts. Muslims consider it the holiest place on Earth.','The Kaaba is the direction Muslims face in their prayers, and around it they circumambulate during the Hajj pilgrimage. It is also considered the first house built on Earth according to Islamic belief, and the Grand Mosque (Masjid al-Haram) cannot be mentioned without mentioning the Kaaba, as the mosque's history begins with its construction. Muslims believe that the Kaaba was first built by angels before Adam. It is also known as the Sacred House (al-Bayt al-Haram), so named because God has forbidden fighting within its precincts. Muslims consider it the holiest place on Earth.','بناء قريش للكعبة قبيل الإسلامrnبقيت الكعبة على حالها إلى أن أعيد بناؤها على يد قريش في الجاهلية، وذلك بعد عام الفيل بحوالي ثلاثين عاماً، إذ حدث حريق كبير بالكعبة، نتج عن محاولة امرأة من قريش تبخير الكعبة فاشتعلت النار وضعف البناء، ثم جاء سيل حطم أجزاء الكعبة، فأعادت قريش بناءها، واتفقوا أن لا يُدخلوا في بنائها إلا مالاً طيباً فقصرت بهم النفقة فأخرجوا من جهة الحجر ثلاثة أمتار؛ ومن مميزات بنائهم أنهم رفعوا الباب من مستوى المطاف ليدخل الكعبة من أرادوه وسدوا الباب الخلفي المقابل لهذا الباب وسقفوا الكعبة وجعلوا لها ميزاباً يسكب مياه الأمطار في الحطيم، ورفعوا بناء الكعبة 8.64 متر بعد أن كان 4.32 متر، وقد حضره النبي محمد، وكان يبلغ من العمر حينها 35 سنة وشارك بنفسه الشريفة أعمامه في العمل، ولما أرادت قريش في هذا البناء أن ترفع الحجر الأسود لتضعه في مكانه اختصمت بطون قريش فيما بينها، حتى كادت تقع بينهم الحرب، ثم اصطلحوا على أن يحكم بينهم أول رجل يخرج عليهم من هذه السكة، فكان رسول الله أول من خرج فقضى بينهم أن يجعلوا الحجر الأسود في مرط (أي كساء) ثم يرفعه زعماء القبائل فرفعوه ثم ارتقى محمد فوضعه بيده الشريفة مكانه، فحل بذلك المشكلة التي كادت تسبب حروباً بين قبائل قريش. ويجب أن نشير أيضا أن قصي بن كلاب وهو أحد أجداد الرسول محمد أول من سقف الكعبة، حيث قام بسقفها بخشب الدوم وجريد النخيل، وذلك قبل بناء قريش للكعبة بزمن طويل.rnrnبناء عبد الله بن الزبيرrnوفي عهد عبد الله بن الزبير أعيد بناء الكعبة بعدما أصابها من الحريق الذي شب في الكعبة بعدما رميت بالمنجنيق، أثناء حصار يزيد بن معاوية لمكة في نزاعه مع عبد الله بن الزبير، وسبب الحصار هو أن عبد الله بن الزبير رفض مبايعة يزيد بن معاوية وثار الزبيريون معه في المدينة فأرسل يزيد جيشاً إلى المدينة بقيادة مسلم بن عقبة، ودخلها ثم اتجه إلى مكة ولكنه توفي قبل أن يصل إليها، فخلفه في قيادة الجيش الحصين بن النمير الذي حاصر مكة لفترة، وبالفعل استطاع الحصين أن يسيطر على جبل أبي قبيس وجبل قعيقعان، ثم أخذ يرمي الزبير وأتباعه الذين كانوا متحصنين داخل المسجد بالمنجنيق فأصيب المسجد، ولم يكتف الحصين بذلك بل رمى المسجد بالنار فاحترقت الكعبة، وضعف بنائها، ولكن الحصين عاد إلى الشام بعد أن توفي يزيد.rnrnبعد مبايعة عبد الله بن الزبير خليفة على المسلمين سنة 64 هـ كان أمامه أمران: إما أن يرمم الكعبة أو أن يهدمها ثم يعيد بنائها، فقرر هدم الكعبة وإعادة بنائها على قواعد النبي إبراهيم،، لما كان قد سمع من خالته عائشة أم المؤمنين حديثاً يقول فيه النبي محمد أن قريش نقصوا من بناء الكعبة لأن أموالهم قصرت بهم وأنه لولا حداثة قريش بالإسلام لأعاد بنائها وجعل لها بابين ليدخل الناس من أحدهما ويخرجوا من الآخر. فأعاد عبد الله بناء الكعبة على هذا النحو وزاد في بنائها لتكون على قواعد البناء القديم في عهد إبراهيم وجعل لها بابين على مستوى الأرض. وكان ارتفاعها سبعة وعشرون ذراعاً وعرض جدرانها ذراعين كما جعل لها بابين (شرقي للدخول وغربي للخروج)، كما قام ابن الزبير بتوسعة المسجد الحرام، وقد تمت هذه التوسعة في السنة الخامسة والستين هجرية، وضاعفت من مساحة المسجد وبلغت مساحته عشرة آلاف متر مربع','Quraish built the Kaaba before IslamrnThe Kaaba remained as it was until it was rebuilt by the Quraysh in pre-Islamic times, about thirty years after the Year of the Elephant, when a major fire occurred in the Kaaba, resulting from an attempt by a woman from the Quraysh to fumigate the Kaaba, so the fire caught fire and the building weakened. Then a torrent came that destroyed parts of the Kaaba, so the Quraysh rebuilt it, and they agreed that they would not enter into its construction except good money, so their expenses fell short, so they took out three meters from the side of the stone;Among the features of their construction is that they raised the door from the level of the floor so that whoever wanted to enter the Kaaba, and they closed the back door opposite this door, and they roofed the Kaaba and made it a gutter that pours rainwater into the debris. They raised the building of the Kaaba 8.64 meters after it was 4.32 metres. The Prophet Muhammad attended it, and he was 35 years old at the time. He personally participated with his honorable uncles in the work, and when the Quraysh wanted to build this building, they had to lift the Black Stone to put it in its place.The clans of Quraysh quarreled among themselves, until war almost broke out between them. Then they agreed that the first man to come out of this path would judge between them. The Messenger of God was the first to come out, so he decided among them that they place the Black Stone in a robe (i.e. a covering), and then the tribal leaders would raise it, so they raised it. Then Muhammad rose and put it in his honorable hand in its place, thereby solving the problem that almost caused wars between the Quraysh tribes.We must also point out that Qusayy bin Kilab, one of the ancestors of the Prophet Muhammad, was the first to roof the Kaaba, as he roofed it with duum wood and palm leaves, long before the Quraysh built the Kaaba.rnrnAbdullah bin Al-Zubair buildingrnDuring the reign of Abdullah bin Al-Zubayr, the Kaaba was rebuilt after it was damaged by the fire that broke out in the Kaaba after it was thrown by a catapult, during the siege of Mecca by Yazid bin Muawiyah in his dispute with Abdullah bin Al-Zubayr. The reason for the siege was that Abdullah bin Al-Zubayr refused to pledge allegiance to Yazid bin Muawiyah and the Zubayrids revolted with him in Medina. So Yazid sent an army to Medina led by Muslim bin Uqba, and entered it and then headed to Mecca, but he died before reaching it, so he was succeeded in commanding the army by Al-Husayn binAl-Numair, who besieged Mecca for a period, and indeed Al-Husayn was able to control Mount Abu Qubais and Mount Qiqaan. Then he began shooting Al-Zubayr and his followers who were holed up inside the mosque with a catapult, and the mosque was hit. Al-Husayn was not satisfied with that, but rather he threw fire at the mosque, causing the Kaaba to burn, and its structure to weaken. However, Al-Husayn returned to the Levant after Yazid died.rnrnAfter Abdullah bin Al-Zubayr pledged allegiance to the Muslims as Caliph in the year 64 AH, he had two choices before him: either restore the Kaaba or demolish it and then rebuild it. So he decided to demolish the Kaaba and rebuild it on the foundations of the Prophet Abraham, when he had heard from his maternal aunt Aisha, the Mother of the Believers, a hadith in which the Prophet Muhammad said that the Quraysh diminished in building the Kaaba because their wealth fell short of them, and that if the Quraysh had not become new to Islam, he would have rebuilt it and made it have two doors for people to enter through one of them.And they come out the other.Abdullah rebuilt the Kaaba in this way and increased its construction to be on the foundations of the old building during the era of Abraham, and he made it have two doors at ground level.Its height was twenty-seven cubits, and its walls were two cubits wide. It also had two doors (east for entry and west for exit). Ibn al-Zubayr also expanded the Grand Mosque. This expansion was completed in the sixty-fifth year AH, and doubled the area of ​​the mosque, reaching an area of ​​ten thousand square metres.','بناء قريش للكعبة قبيل الإسلامrnبقيت الكعبة على حالها إلى أن أعيد بناؤها على يد قريش في الجاهلية، وذلك بعد عام الفيل بحوالي ثلاثين عاماً، إذ حدث حريق كبير بالكعبة، نتج عن محاولة امرأة من قريش تبخير الكعبة فاشتعلت النار وضعف البناء، ثم جاء سيل حطم أجزاء الكعبة، فأعادت قريش بناءها، واتفقوا أن لا يُدخلوا في بنائها إلا مالاً طيباً فقصرت بهم النفقة فأخرجوا من جهة الحجر ثلاثة أمتار؛ ومن مميزات بنائهم أنهم رفعوا الباب من مستوى المطاف ليدخل الكعبة من أرادوه وسدوا الباب الخلفي المقابل لهذا الباب وسقفوا الكعبة وجعلوا لها ميزاباً يسكب مياه الأمطار في الحطيم، ورفعوا بناء الكعبة 8.64 متر بعد أن كان 4.32 متر، وقد حضره النبي محمد، وكان يبلغ من العمر حينها 35 سنة وشارك بنفسه الشريفة أعمامه في العمل، ولما أرادت قريش في هذا البناء أن ترفع الحجر الأسود لتضعه في مكانه اختصمت بطون قريش فيما بينها، حتى كادت تقع بينهم الحرب، ثم اصطلحوا على أن يحكم بينهم أول رجل يخرج عليهم من هذه السكة، فكان رسول الله أول من خرج فقضى بينهم أن يجعلوا الحجر الأسود في مرط (أي كساء) ثم يرفعه زعماء القبائل فرفعوه ثم ارتقى محمد فوضعه بيده الشريفة مكانه، فحل بذلك المشكلة التي كادت تسبب حروباً بين قبائل قريش. ويجب أن نشير أيضا أن قصي بن كلاب وهو أحد أجداد الرسول محمد أول من سقف الكعبة، حيث قام بسقفها بخشب الدوم وجريد النخيل، وذلك قبل بناء قريش للكعبة بزمن طويل.rnrnبناء عبد الله بن الزبيرrnوفي عهد عبد الله بن الزبير أعيد بناء الكعبة بعدما أصابها من الحريق الذي شب في الكعبة بعدما رميت بالمنجنيق، أثناء حصار يزيد بن معاوية لمكة في نزاعه مع عبد الله بن الزبير، وسبب الحصار هو أن عبد الله بن الزبير رفض مبايعة يزيد بن معاوية وثار الزبيريون معه في المدينة فأرسل يزيد جيشاً إلى المدينة بقيادة مسلم بن عقبة، ودخلها ثم اتجه إلى مكة ولكنه توفي قبل أن يصل إليها، فخلفه في قيادة الجيش الحصين بن النمير الذي حاصر مكة لفترة، وبالفعل استطاع الحصين أن يسيطر على جبل أبي قبيس وجبل قعيقعان، ثم أخذ يرمي الزبير وأتباعه الذين كانوا متحصنين داخل المسجد بالمنجنيق فأصيب المسجد، ولم يكتف الحصين بذلك بل رمى المسجد بالنار فاحترقت الكعبة، وضعف بنائها، ولكن الحصين عاد إلى الشام بعد أن توفي يزيد.rnrnبعد مبايعة عبد الله بن الزبير خليفة على المسلمين سنة 64 هـ كان أمامه أمران: إما أن يرمم الكعبة أو أن يهدمها ثم يعيد بنائها، فقرر هدم الكعبة وإعادة بنائها على قواعد النبي إبراهيم،، لما كان قد سمع من خالته عائشة أم المؤمنين حديثاً يقول فيه النبي محمد أن قريش نقصوا من بناء الكعبة لأن أموالهم قصرت بهم وأنه لولا حداثة قريش بالإسلام لأعاد بنائها وجعل لها بابين ليدخل الناس من أحدهما ويخرجوا من الآخر. فأعاد عبد الله بناء الكعبة على هذا النحو وزاد في بنائها لتكون على قواعد البناء القديم في عهد إبراهيم وجعل لها بابين على مستوى الأرض. وكان ارتفاعها سبعة وعشرون ذراعاً وعرض جدرانها ذراعين كما جعل لها بابين (شرقي للدخول وغربي للخروج)، كما قام ابن الزبير بتوسعة المسجد الحرام، وقد تمت هذه التوسعة في السنة الخامسة والستين هجرية، وضاعفت من مساحة المسجد وبلغت مساحته عشرة آلاف متر مربع'),(11,'الْمَسْجِدُ ٱلْحَرَام','مكة المكرمة','','Al Haram, Makkah 24231','المَسْجِدُ الحَرَام هو أعظم مسجد في الإسلام ويقع في قلب مدينة مكة غرب المملكة العربية السعودية، تتوسطه الكعبة المشرفة التي هي أول بيت وضع للناس على وجه الأرض ليعبدوا الله فيه تبعاً للعقيدة الإسلامية، وهذه هي أعظم وأقدس بقعة على وجه الأرض عند المسلمين. والمسجد الحرام هو قبلة المسلمين في صلاتهم، وإليه يحجون. سمي بالمسجد الحرام لحرمة القتال فيه منذ دخول النبي محمد إلى مكة المكرمة منتصراً. ويؤمن المسلمون أن الصلاة فيه تعادل مئة ألف صلاة.','مرحلة تشييد الكعبةrnيبدأ تاريخ المسجد بتاريخ بناء الكعبة المشرفة، وقد بناها أول مرة الملائكة قبل آدم عليه السلام، وكانت من ياقوتة حمراء، ثم رفع ذلك البناء إلى السماء أيام الطوفان، وبعد الطوفان قام النبي إبراهيم مع ابنه إسماعيل عليهما السلام، بإعادة بناء الكعبة، بعد أن أوحى الله إلى إبراهيم عليه السلام بمكان البيت، قال تعالى: ﴿وَإِذْ بَوَّأْنَا لِإِبْرَاهِيمَ مَكَانَ الْبَيْتِ أَنْ لَا تُشْرِكْ بِي شَيْئًا وَطَهِّرْ بَيْتِيَ لِلطَّائِفِينَ وَالْقَائِمِينَ وَالرُّكَّعِ السُّجُودِ ٢٦﴾(2) (سورة الحج الآية 26).rnrnوهـكذا أمر الله سبحانه وتعالى إبراهيم عليه السلام ببناء البيت الحرام. وذكر القرآن الكريم بناء سيدنا إبراهيم وابنه إسماعيل عليهما السلام للكعبة وتطهير المساحة المحيطة به، ولقد جاءه (أي إبراهيم عليه السلام) جبريل عليه السلام بالحجر الأسود، ولم يكن في بادئ الأمر أسود بل كان أَبْيَضَا يتلألأ من شدة البياض وذلك لقول الرسول ﷺ «الحجر الأسود من الجنة وكان أشد بياضا من الثلج حتى سودته خطايا أهل الشرك».rnrnوبقيت على حالها إلى أن تم إعادة بنائها على يد قريش في الجاهلية، بعد عام الفيل بحوالي ثلاثين عاماً بعد أن حدث حريق كبير بالكعبة، نتج عن محاولة امرأة من قريش تبخير الكعبة فاشتعلت النار وضعف البناء، ثم جاء سيل حطم أجزاء الكعبة، فأعادت قريش بناء الكعبة، وقد حضره النبي، وكان يبلغ من العمر حينها 35 سنة وشارك بنفسه الشريفة أعمامه في العمل، ولما أرادت قريش في هذا البناء أن ترفع الحجر الأسود لتضعه في مكانه اختصمت فيما بينها، حتى كانت تقع الحرب، ثم اصطلحوا على أن يحكم بينهم أول رجل يخرج من عليهم من هذه السكة، فكان رسول الله أول من خرج فقضى بينهم أن يجعلوا الحجر الأسود في مرط (أي كساء) ثم يرفعه زعماء القبائل فرفعوه ثم ارتقى محمد عليه السلام فوضعه بيده الشريفة مكانه، ويجب أن نشير أيضا أن قصي بن كلاب وهو أحد أجداد الرسول محمد أول من سَقْف الكعبة، حيث قام بسقفها بخشب الدوم وجريد النخيل، وذلك قبل بناء قريش للكعبة بزمن طويل.','','127.0.0.1','approved','2026-01-31 18:49:53.335459',NULL,'',NULL,21.25190000,39.49340000,NULL,'https://res.cloudinary.com/dqlge8jhv/image/upload/v1769885390/ycmalqbtzowpnzdo2zhz.jpg,https://res.cloudinary.com/dqlge8jhv/image/upload/v1769885391/natbqcluyh8cb1kwrlu4.jpg,https://res.cloudinary.com/dqlge8jhv/image/upload/v1769885391/agouamoxw4mifw0engeb.jpg,https://res.cloudinary.com/dqlge8jhv/image/upload/v1769885392/lddaw76vfb0uv7cva47d.jpg,https://res.cloudinary.com/dqlge8jhv/image/upload/v1769885392/kj0ojeopjfjjhvwq5yji.jpg','العربية السعودية','المَسْجِدُ الحَرَام هو أعظم مسجد في الإسلام ويقع في قلب مدينة مكة غرب المملكة العربية السعودية، تتوسطه الكعبة المشرفة التي هي أول بيت وضع للناس على وجه الأرض ليعبدوا الله فيه تبعاً للعقيدة الإسلامية، وهذه هي أعظم وأقدس بقعة على وجه الأرض عند المسلمين. والمسجد الحرام هو قبلة المسلمين في صلاتهم، وإليه يحجون. سمي بالمسجد الحرام لحرمة القتال فيه منذ دخول النبي محمد إلى مكة المكرمة منتصراً. ويؤمن المسلمون أن الصلاة فيه تعادل مئة ألف صلاة.','The Grand Mosque is the greatest mosque in Islam and is located in the heart of the city of Mecca, west of the Kingdom of Saudi Arabia. In the middle of it is the Kaaba, which is the first house placed for people on the face of the earth to worship God in it according to the Islamic faith, and this is the greatest and holiest spot on the face of the earth for Muslims.The Grand Mosque is the qibla for Muslims in their prayers, and to it they make the pilgrimage.It was called the Grand Mosque due to the prohibition of fighting there since the Prophet Muhammad entered Mecca victorious.Muslims believe that praying there is equivalent to one hundred thousand prayers.','المَسْجِدُ الحَرَام هو أعظم مسجد في الإسلام ويقع في قلب مدينة مكة غرب المملكة العربية السعودية، تتوسطه الكعبة المشرفة التي هي أول بيت وضع للناس على وجه الأرض ليعبدوا الله فيه تبعاً للعقيدة الإسلامية، وهذه هي أعظم وأقدس بقعة على وجه الأرض عند المسلمين. والمسجد الحرام هو قبلة المسلمين في صلاتهم، وإليه يحجون. سمي بالمسجد الحرام لحرمة القتال فيه منذ دخول النبي محمد إلى مكة المكرمة منتصراً. ويؤمن المسلمون أن الصلاة فيه تعادل مئة ألف صلاة.','مرحلة تشييد الكعبةrnيبدأ تاريخ المسجد بتاريخ بناء الكعبة المشرفة، وقد بناها أول مرة الملائكة قبل آدم عليه السلام، وكانت من ياقوتة حمراء، ثم رفع ذلك البناء إلى السماء أيام الطوفان، وبعد الطوفان قام النبي إبراهيم مع ابنه إسماعيل عليهما السلام، بإعادة بناء الكعبة، بعد أن أوحى الله إلى إبراهيم عليه السلام بمكان البيت، قال تعالى: ﴿وَإِذْ بَوَّأْنَا لِإِبْرَاهِيمَ مَكَانَ الْبَيْتِ أَنْ لَا تُشْرِكْ بِي شَيْئًا وَطَهِّرْ بَيْتِيَ لِلطَّائِفِينَ وَالْقَائِمِينَ وَالرُّكَّعِ السُّجُودِ ٢٦﴾(2) (سورة الحج الآية 26).rnrnوهـكذا أمر الله سبحانه وتعالى إبراهيم عليه السلام ببناء البيت الحرام. وذكر القرآن الكريم بناء سيدنا إبراهيم وابنه إسماعيل عليهما السلام للكعبة وتطهير المساحة المحيطة به، ولقد جاءه (أي إبراهيم عليه السلام) جبريل عليه السلام بالحجر الأسود، ولم يكن في بادئ الأمر أسود بل كان أَبْيَضَا يتلألأ من شدة البياض وذلك لقول الرسول ﷺ «الحجر الأسود من الجنة وكان أشد بياضا من الثلج حتى سودته خطايا أهل الشرك».rnrnوبقيت على حالها إلى أن تم إعادة بنائها على يد قريش في الجاهلية، بعد عام الفيل بحوالي ثلاثين عاماً بعد أن حدث حريق كبير بالكعبة، نتج عن محاولة امرأة من قريش تبخير الكعبة فاشتعلت النار وضعف البناء، ثم جاء سيل حطم أجزاء الكعبة، فأعادت قريش بناء الكعبة، وقد حضره النبي، وكان يبلغ من العمر حينها 35 سنة وشارك بنفسه الشريفة أعمامه في العمل، ولما أرادت قريش في هذا البناء أن ترفع الحجر الأسود لتضعه في مكانه اختصمت فيما بينها، حتى كانت تقع الحرب، ثم اصطلحوا على أن يحكم بينهم أول رجل يخرج من عليهم من هذه السكة، فكان رسول الله أول من خرج فقضى بينهم أن يجعلوا الحجر الأسود في مرط (أي كساء) ثم يرفعه زعماء القبائل فرفعوه ثم ارتقى محمد عليه السلام فوضعه بيده الشريفة مكانه، ويجب أن نشير أيضا أن قصي بن كلاب وهو أحد أجداد الرسول محمد أول من سَقْف الكعبة، حيث قام بسقفها بخشب الدوم وجريد النخيل، وذلك قبل بناء قريش للكعبة بزمن طويل.','The construction stage of the KaabarnThe history of the mosque begins with the history of the construction of the Holy Kaaba. It was first built by angels before Adam, peace be upon him, and it was made of ruby red. Then that building was raised to the sky during the days of the flood. After the flood, the Prophet Abraham, along with his son Ishmael, peace be upon them, rebuilt the Kaaba, after God revealed to Abraham, peace be upon him, the location of the House. The Almighty said: “And when We appointed for Abraham a placeThe House, that you do not associate anything with Me, and purify My House for those who circle around me, and those who stand and those who kneel and prostrate. 26 (2) (Surat Al-Hajj, verse 26).rnrnThus, God Almighty commanded Abraham, peace be upon him, to build the Sacred House.The Holy Qur’an mentioned the building of the Kaaba by our master Abraham and his son Ishmael, peace be upon them, and the cleansing of the space surrounding it. Gabriel, peace be upon him, came to him (i.e. Abraham, peace be upon him) with the Black Stone, and it was not black at first, but rather it was sparkling white due to the intensity of its whiteness. This is due to the words of the Messenger, peace and blessings be upon him, “The Black Stone is from Paradise and it was whiter than snow until it was blackened by the sins of the polytheists.”rnrnIt remained as it was until it was rebuilt by the Quraysh in pre-Islamic times, about thirty years after the Year of the Elephant, after a major fire occurred in the Kaaba, resulting from an attempt by a woman from the Quraysh to fumigate the Kaaba. The fire caught fire and the structure weakened. Then a torrent came that destroyed parts of the Kaaba, so the Quraysh rebuilt the Kaaba. The Prophet, who was 35 years old at the time, attended it, and he personally participated with his honorable uncles in the work, and when the Quraysh wanted to remove the Black Stone in this building.To put it in its place, they quarreled among themselves, until war broke out, then they agreed that the first man to come out of this path would judge between them. The Messenger of God was the first to come out, so he decided among them that they place the Black Stone in a robe (i.e., a covering), and then the tribal leaders would raise it, so they raised it. Then Muhammad, peace be upon him, rose and put it in his honorable hand in its place. We must also point out that Qusay ibn Kilab, one of the grandfathers of the Prophet Muhammad, was the first to roof the Kaaba, as he did its roof.With doum wood and palm leaves, long before the Quraysh built the Kaaba.','مرحلة تشييد الكعبةrnيبدأ تاريخ المسجد بتاريخ بناء الكعبة المشرفة، وقد بناها أول مرة الملائكة قبل آدم عليه السلام، وكانت من ياقوتة حمراء، ثم رفع ذلك البناء إلى السماء أيام الطوفان، وبعد الطوفان قام النبي إبراهيم مع ابنه إسماعيل عليهما السلام، بإعادة بناء الكعبة، بعد أن أوحى الله إلى إبراهيم عليه السلام بمكان البيت، قال تعالى: ﴿وَإِذْ بَوَّأْنَا لِإِبْرَاهِيمَ مَكَانَ الْبَيْتِ أَنْ لَا تُشْرِكْ بِي شَيْئًا وَطَهِّرْ بَيْتِيَ لِلطَّائِفِينَ وَالْقَائِمِينَ وَالرُّكَّعِ السُّجُودِ ٢٦﴾(2) (سورة الحج الآية 26).rnrnوهـكذا أمر الله سبحانه وتعالى إبراهيم عليه السلام ببناء البيت الحرام. وذكر القرآن الكريم بناء سيدنا إبراهيم وابنه إسماعيل عليهما السلام للكعبة وتطهير المساحة المحيطة به، ولقد جاءه (أي إبراهيم عليه السلام) جبريل عليه السلام بالحجر الأسود، ولم يكن في بادئ الأمر أسود بل كان أَبْيَضَا يتلألأ من شدة البياض وذلك لقول الرسول ﷺ «الحجر الأسود من الجنة وكان أشد بياضا من الثلج حتى سودته خطايا أهل الشرك».rnrnوبقيت على حالها إلى أن تم إعادة بنائها على يد قريش في الجاهلية، بعد عام الفيل بحوالي ثلاثين عاماً بعد أن حدث حريق كبير بالكعبة، نتج عن محاولة امرأة من قريش تبخير الكعبة فاشتعلت النار وضعف البناء، ثم جاء سيل حطم أجزاء الكعبة، فأعادت قريش بناء الكعبة، وقد حضره النبي، وكان يبلغ من العمر حينها 35 سنة وشارك بنفسه الشريفة أعمامه في العمل، ولما أرادت قريش في هذا البناء أن ترفع الحجر الأسود لتضعه في مكانه اختصمت فيما بينها، حتى كانت تقع الحرب، ثم اصطلحوا على أن يحكم بينهم أول رجل يخرج من عليهم من هذه السكة، فكان رسول الله أول من خرج فقضى بينهم أن يجعلوا الحجر الأسود في مرط (أي كساء) ثم يرفعه زعماء القبائل فرفعوه ثم ارتقى محمد عليه السلام فوضعه بيده الشريفة مكانه، ويجب أن نشير أيضا أن قصي بن كلاب وهو أحد أجداد الرسول محمد أول من سَقْف الكعبة، حيث قام بسقفها بخشب الدوم وجريد النخيل، وذلك قبل بناء قريش للكعبة بزمن طويل.'),(12,'a_effacer','a_effacer','','a_effacer','According to Muslims, Abraham was ordered by Allah to construct the Kaaba at the place where Adam had previously built it. He, along with his son Ishmael, rebuilt the Kaaba. As they laid the bricks, Abraham realized that the walls of the Kaaba were too high for him to reach. So, he took a large rock and stood over it. As the wall gets higher, the rock also miraculously','Mecca experienced very bad weather, heavy rains and floods. This heavily damaged the Kaaba. So, the Quraysh (tribe that ruled Mecca) decided to renovate the Kaaba. When it was','','127.0.0.1','approved','2026-01-31 23:55:17.132441',NULL,'',NULL,36.18916000,5.40431000,NULL,'https://res.cloudinary.com/dqlge8jhv/image/upload/v1769903716/fmywclc3hwcqm3ooal4f.jpg','France','وبحسب المسلمين، أمر الله إبراهيم ببناء الكعبة في المكان الذي بناها فيه آدم من قبل.وقام هو وابنه إسماعيل بإعادة بناء الكعبة.وبينما كانوا يضعون الطوب، أدرك إبراهيم أن جدران الكعبة مرتفعة للغاية بحيث لا يستطيع الوصول إليها.فأخذ صخرة كبيرة ووقف عليها.ومع ارتفاع الجدار، ترتفع الصخرة أيضًا بأعجوبة','According to Muslims, Abraham was ordered by Allah to construct the Kaaba at the place where Adam had previously built it. He, along with his son Ishmael, rebuilt the Kaaba. As they laid the bricks, Abraham realized that the walls of the Kaaba were too high for him to reach. So, he took a large rock and stood over it. As the wall gets higher, the rock also miraculously','According to Muslims, Abraham was ordered by Allah to construct the Kaaba at the place where Adam had previously built it. He, along with his son Ishmael, rebuilt the Kaaba. As they laid the bricks, Abraham realized that the walls of the Kaaba were too high for him to reach. So, he took a large rock and stood over it. As the wall gets higher, the rock also miraculously','شهدت مكة طقسًا سيئًا للغاية وأمطارًا غزيرة وفيضانات.مما أدى إلى إلحاق أضرار بالغة بالكعبة.لذلك قررت قريش (القبيلة التي حكمت مكة) تجديد الكعبة.عندما كان','Mecca experienced very bad weather, heavy rains and floods. This heavily damaged the Kaaba. So, the Quraysh (tribe that ruled Mecca) decided to renovate the Kaaba. When it was','Mecca experienced very bad weather, heavy rains and floods. This heavily damaged the Kaaba. So, the Quraysh (tribe that ruled Mecca) decided to renovate the Kaaba. When it was'),(13,'a_effacer','Lille','','a_effacer','Al-Masjid al-Ḥarām (Arabic: ٱَلْمَسْجِدُ ٱلْحَرَامُ, romanized: al-Masjid al-Ḥarām, lit. 'The Sacred Mosque', IPA: [ʔælˈmæsʤɪd ælħɑˈrɑːm]), is the largest mosque in the world. It is in the city of Mecca, Saudi Arabia. It is considered the holiest place on Earth by Muslims. It surrounds the Kaaba (a building which Muslims face while offering daily prayers). Besides the Kaaba, the mosque also contains other important sites, such as the Black Stone (which is a part of the','Mecca experienced very bad weather, heavy rains and floods. This heavily damaged the Kaaba. So, the Quraysh (tribe that ruled Mecca) decided to renovate the Kaaba. When it was','','127.0.0.1','approved','2026-02-01 00:02:51.833425',NULL,'',NULL,50.62820000,2.96610000,NULL,'https://res.cloudinary.com/dqlge8jhv/image/upload/v1769904171/vrjsw7sltncdhqetdpxk.jpg','France','المسجد الحرام (عربى: ٱلْمَسْجِدُ ٱلحَرَامُ، بالحروف اللاتينية: المسجد الحرام، أشعل. “المسجد الحرام”، IPA: [ʔælˈmæsʤɪd ælħɑˈrɑːm])، هو أكبر مسجد في العالم.وذلك في مدينة مكة المكرمة بالمملكة العربية السعودية.ويعتبر أقدس مكان على وجه الأرض من قبل المسلمين.وهو يحيط بالكعبة (المبنى الذي يواجهه المسلمون أثناء أداء الصلاة اليومية).وإلى جانب الكعبة، يحتوي المسجد أيضًا على مواقع مهمة أخرى، مثل الحجر الأسود (الذي يعد جزءًا من المسجد الحرام).','Al-Masjid al-Ḥarām (Arabic: ٱَلْمَسْجِدُ ٱلْحَرَامُ, romanized: al-Masjid al-Ḥarām, lit. 'The Sacred Mosque', IPA: [ʔælˈmæsʤɪd ælħɑˈrɑːm]), is the largest mosque in the world. It is in the city of Mecca, Saudi Arabia. It is considered the holiest place on Earth by Muslims. It surrounds the Kaaba (a building which Muslims face while offering daily prayers). Besides the Kaaba, the mosque also contains other important sites, such as the Black Stone (which is a part of the','Al-Masjid al-Ḥarām (Arabic: ٱَلْمَسْجِدُ ٱلْحَرَامُ, romanized: al-Masjid al-Ḥarām, lit. 'The Sacred Mosque', IPA: [ʔælˈmæsʤɪd ælħɑˈrɑːm]), is the largest mosque in the world. It is in the city of Mecca, Saudi Arabia. It is considered the holiest place on Earth by Muslims. It surrounds the Kaaba (a building which Muslims face while offering daily prayers). Besides the Kaaba, the mosque also contains other important sites, such as the Black Stone (which is a part of the','شهدت مكة طقسًا سيئًا للغاية وأمطارًا غزيرة وفيضانات.مما أدى إلى إلحاق أضرار بالغة بالكعبة.لذلك قررت قريش (القبيلة التي حكمت مكة) تجديد الكعبة.عندما كان','Mecca experienced very bad weather, heavy rains and floods. This heavily damaged the Kaaba. So, the Quraysh (tribe that ruled Mecca) decided to renovate the Kaaba. When it was','Mecca experienced very bad weather, heavy rains and floods. This heavily damaged the Kaaba. So, the Quraysh (tribe that ruled Mecca) decided to renovate the Kaaba. When it was'),(14,'أمسح','تونس','','أمسح','المَسْجِدُ الحَرَام هو أعظم مسجد في الإسلام ويقع في قلب مدينة مكة غرب المملكة العربية السعودية، تتوسطه الكعبة المشرفة','مرحلة تشييد الكعبةrnيبدأ تاريخ المسجد بتاريخ بناء الكعبة المشرفة، وقد بناها أول مرة الملائكة قبل آدم عليه السلام، وكانت من ياقوتة حمراء، ثم رفع ذلك البناء إلى السماء أيام الطوفان، وبعد الطوفان قام النبي إبراهيم مع ابنه إسماعيل عليهما السلام، بإعادة بناء الكعبة، بعد أن أوحى الله إلى إبراهيم عليه السلام بمكان البيت، قال تعالى:','','127.0.0.1','approved','2026-02-01 00:08:04.196849',NULL,'',NULL,36.82390000,10.05950000,NULL,'https://res.cloudinary.com/dqlge8jhv/image/upload/v1769904483/mi8psjrxtryokvu66lhi.jpg','تونس','المَسْجِدُ الحَرَام هو أعظم مسجد في الإسلام ويقع في قلب مدينة مكة غرب المملكة العربية السعودية، تتوسطه الكعبة المشرفة','The Grand Mosque is the greatest mosque in Islam and is located in the heart of the city of Mecca, west of the Kingdom of Saudi Arabia, with the Holy Kaaba in the middle.','المَسْجِدُ الحَرَام هو أعظم مسجد في الإسلام ويقع في قلب مدينة مكة غرب المملكة العربية السعودية، تتوسطه الكعبة المشرفة','مرحلة تشييد الكعبةrnيبدأ تاريخ المسجد بتاريخ بناء الكعبة المشرفة، وقد بناها أول مرة الملائكة قبل آدم عليه السلام، وكانت من ياقوتة حمراء، ثم رفع ذلك البناء إلى السماء أيام الطوفان، وبعد الطوفان قام النبي إبراهيم مع ابنه إسماعيل عليهما السلام، بإعادة بناء الكعبة، بعد أن أوحى الله إلى إبراهيم عليه السلام بمكان البيت، قال تعالى:','The construction stage of the KaabarnThe history of the mosque begins with the date of the construction of the Holy Kaaba. It was first built by angels before Adam, peace be upon him, and it was made of ruby red. Then that building was raised to the sky during the flood. After the flood, the Prophet Abraham, along with his son Ishmael, peace be upon them both, rebuilt the Kaaba, after God revealed to Abraham, peace be upon him, the location of the House. The Almighty said:','مرحلة تشييد الكعبةrnيبدأ تاريخ المسجد بتاريخ بناء الكعبة المشرفة، وقد بناها أول مرة الملائكة قبل آدم عليه السلام، وكانت من ياقوتة حمراء، ثم رفع ذلك البناء إلى السماء أيام الطوفان، وبعد الطوفان قام النبي إبراهيم مع ابنه إسماعيل عليهما السلام، بإعادة بناء الكعبة، بعد أن أوحى الله إلى إبراهيم عليه السلام بمكان البيت، قال تعالى:'),(15,'a_effacer','tunis','','a_effacer','c juste un test','J'espere que ca va fonctionner','','127.0.0.1','approved','2026-02-01 00:13:30.365488',NULL,'',NULL,36.82390000,10.05950000,NULL,'https://res.cloudinary.com/dqlge8jhv/image/upload/v1769904809/nqkmg2hwgo2f30cqk01j.jpg','tunisie','إنه مجرد اختبار','it's just a test','c juste un test','آمل أن تنجح','I hope it will work','J'espere que ca va fonctionner'),(16,'a_effacer','a_effacer','','a effacer','xxxxxxxxxxxxxxxxxxxxxxxxxx','yyyyyyyyyyyyyyyyyyyyyyyyyyyyyyyyyyyyyyyyy','','127.0.0.1','approved','2026-02-01 01:05:36.117491',NULL,'',NULL,31.35170000,-0.60111000,NULL,'','France','xxxxxxxxxxxxxxxxxxxxxxxxxxx','xxxxxxxxxxxxxxxxxxxxxxxxxx','xxxxxxxxxxxxxxxxxxxxxxxxxx','يييييييييييييييييييييييييييييييييييييييييييييييييييييييييييييييييييييييل','yyyyyyyyyyyyyyyyyyyyyyyyyyyyyyyyyyyyyy','yyyyyyyyyyyyyyyyyyyyyyyyyyyyyyyyyyyyyyyyy'),(17,'a_effacer','Tunis','','a effacer','xxxxxxxxxxxxxxxxxxxxxxxxxxxxxxxxxxxxx','yyyyyyyyyyyyyyyyyyyyyyyyyyyyyyyyyyyyyyyyyyyyy','','127.0.0.1','approved','2026-02-01 01:09:13.656305',NULL,'',NULL,36.82390000,10.05950000,NULL,'','tunisie','××××××××××××××××××××××××××','xxxxxxxxxxxxxxxxxxxxxxxxxxxxxxxxxxxxx','xxxxxxxxxxxxxxxxxxxxxxxxxxxxxxxxxxxxx','يييييييييييييييييييييييييييييييييييييييييييييييييييييييييييييييييييل','yyyyyyyyyyyyyyyyyyyyyyyyyyyyyyyyyyyyyyyyyy','yyyyyyyyyyyyyyyyyyyyyyyyyyyyyyyyyyyyyyyyyyyyy'),(18,'a_effacer','tunis','','a eefacer','xxxxxxxxxxxxxxxxxxxxxxxxxxxxxxx','yyyyyyyyyyyyyyyyyyyyyyyyyyyyyyyyyyyyyy','','127.0.0.1','approved','2026-02-01 01:12:19.009000',NULL,'',NULL,36.82390000,10.05950000,NULL,'https://res.cloudinary.com/dqlge8jhv/image/upload/v1769908333/t4etewl87ym4tco1l6fi.jpg,https://res.cloudinary.com/dqlge8jhv/image/upload/v1769908335/r86kfamlc37i4nvxkgig.jpg,https://res.cloudinary.com/dqlge8jhv/image/upload/v1769908337/vxwktrxja8x5pkka2mnt.jpg,https://res.cloudinary.com/dqlge8jhv/image/upload/v1769908337/onjkzky5eh7uc7rvkwnz.jpg,https://res.cloudinary.com/dqlge8jhv/image/upload/v1769908338/ef250vmxcfuyoydqqkdz.jpg','tunisie','xxxxxxxxxxxxxxxxxxxxxxxxxxxxxx','xxxxxxxxxxxxxxxxxxxxxxxxxxxxxxx','xxxxxxxxxxxxxxxxxxxxxxxxxxxxxxx','ييييييييييييييييييييييييييييييييييييييييييييييييييييييييييييييييييييييل','yyyyyyyyyyyyyyyyyyyyyyyyyyyyyyyyyyyy','yyyyyyyyyyyyyyyyyyyyyyyyyyyyyyyyyyyyyy'),(19,'a_effacer','tunis','','a effacer','c juste un test','vivement que ca fonctionne','','127.0.0.1','approved','2026-02-01 01:30:18.995346',NULL,'',NULL,36.82390000,10.05950000,NULL,'https://res.cloudinary.com/dqlge8jhv/image/upload/v1769909415/cxc6ggbokpzi2w06nees.jpg,https://res.cloudinary.com/dqlge8jhv/image/upload/v1769909416/nsxk9jwrev6c0ibj88pg.jpg,https://res.cloudinary.com/dqlge8jhv/image/upload/v1769909417/h7pxogpqsmrnpwzvbwcf.jpg,https://res.cloudinary.com/dqlge8jhv/image/upload/v1769909417/rucevv51vc7ocf8xdqvb.jpg,https://res.cloudinary.com/dqlge8jhv/image/upload/v1769909418/ssmihyxhuolujdy5um48.jpg','Tunisie','إنه مجرد اختبار','it's just a test','c juste un test','نأمل أن يعمل','hope it works','vivement que ca fonctionne'),(21,'a_effacer','Annaba','','a effacer','c jusste un test','ca va marcher','','127.0.0.1','approved','2026-02-01 01:55:10.388103',NULL,'',24,36.91720000,7.74540000,NULL,'https://res.cloudinary.com/dqlge8jhv/image/upload/v1769910909/ctmbf7m0wptayompekei.jpg','Algerie','إنه مجرد اختبار','it's just a test','c jusste un test','سوف تنجح','it will work','ca va marcher'),(22,'a_effacer','Annaba','','a effacer','c juste un test','Ca marche','','127.0.0.1','approved','2026-02-01 02:01:28.018542',NULL,'',24,36.91720000,7.74540000,NULL,'https://res.cloudinary.com/dqlge8jhv/image/upload/v1769911287/c1e1grnwrk5ezwykovex.jpg','Algérie','إنه مجرد اختبار','it's just a test','c juste un test','العلامات التجارية كاليفورنيا','Ca brands','Ca marche'),(23,'a_effacer','Annaba','','a effacer','c juste un test','marche','','127.0.0.1','approved','2026-02-01 02:03:57.890126',NULL,'',24,36.91720000,7.74540000,NULL,'https://res.cloudinary.com/dqlge8jhv/image/upload/v1769911436/ons6h0bgayqez1m0v195.jpg','Algerie','إنه مجرد اختبار','it's just a test','c juste un test','ماركي','marche','marche'),(24,'a_effacer','annaba','','a effacer','xxxxxxxxxxxxxxxx','yyyyyyyyyyyyyyyyyyyyyy','','127.0.0.1','approved','2026-02-01 02:23:46.188526',NULL,'',24,36.91720000,7.74540000,NULL,'https://res.cloudinary.com/dqlge8jhv/image/upload/v1769912625/iy8fkhsqux9pmsn6pvmg.jpg','Algerie','ksksksksksksksksksksk','ksksksksksksksksksksksksk','xxxxxxxxxxxxxxxx','يييييييييييييييييييييييييييييييييييييييييييييييييييييييييييييييييييييل','yyyyyyyyyyyyyyyyyyyyy','yyyyyyyyyyyyyyyyyyyyyy'),(26,'a_effacer','Istamboul','','a effacer','','','','127.0.0.1','pending','2026-02-04 22:23:47.350660',NULL,'',NULL,36.18916000,5.40431000,NULL,'https://res.cloudinary.com/dqlge8jhv/image/upload/v1770243823/ooqxkca6mcstb2momuhi.jpg,https://res.cloudinary.com/dqlge8jhv/image/upload/v1770243823/xpeiwbqrirm2a6akpbru.jpg,https://res.cloudinary.com/dqlge8jhv/image/upload/v1770243824/wppw3erfsr4ull8mlxjy.jpg,https://res.cloudinary.com/dqlge8jhv/image/upload/v1770243825/tg5wcuweg3tspdrjvhn1.jpg','Turquie',NULL,NULL,'',NULL,NULL,'');
/*!40000 ALTER TABLE `mosques_proposition` ENABLE KEYS */;
UNLOCK TABLES;

--
-- Table structure for table `mosques_wilaya`
--

DROP TABLE IF EXISTS `mosques_wilaya`;
/*!40101 SET @saved_cs_client     = @@character_set_client */;
/*!50503 SET character_set_client = utf8mb4 */;
CREATE TABLE `mosques_wilaya` (
  `id` bigint NOT NULL AUTO_INCREMENT,
  `code` int NOT NULL,
  `name_fr` varchar(100) COLLATE utf8mb4_unicode_ci NOT NULL,
  `name_ar` varchar(100) COLLATE utf8mb4_unicode_ci NOT NULL,
  `country_id` bigint DEFAULT NULL,
  `name_en` varchar(100) COLLATE utf8mb4_unicode_ci DEFAULT NULL,
  PRIMARY KEY (`id`),
  UNIQUE KEY `code` (`code`),
  KEY `mosques_wilaya_country_id_ac3fd51f_fk_mosques_country_id` (`country_id`),
  CONSTRAINT `mosques_wilaya_country_id_ac3fd51f_fk_mosques_country_id` FOREIGN KEY (`country_id`) REFERENCES `mosques_country` (`id`)
) ENGINE=InnoDB AUTO_INCREMENT=59 DEFAULT CHARSET=utf8mb4 COLLATE=utf8mb4_unicode_ci;
/*!40101 SET character_set_client = @saved_cs_client */;

--
-- Dumping data for table `mosques_wilaya`
--

LOCK TABLES `mosques_wilaya` WRITE;
/*!40000 ALTER TABLE `mosques_wilaya` DISABLE KEYS */;
INSERT INTO `mosques_wilaya` VALUES (1,16,'Alger','الجزائر',1,NULL),(2,31,'Oran','وهران',1,NULL),(3,19,'Sétif','سطيف',1,NULL),(4,15,'Tizi Ouzou','تيزي وزو',1,NULL),(5,1,'Adrar','أدرار',1,'Adrar'),(6,2,'Chlef','الشلف',1,'Chlef'),(7,3,'Laghouat','الأغواط',1,'Laghouat'),(8,4,'Oum El Bouaghi','أم البواقي',1,'Oum El Bouaghi'),(9,5,'Batna','باتنة',1,'Batna'),(10,6,'Béjaïa','بجاية',1,'Béjaïa'),(11,7,'Biskra','بسكرة',1,'Biskra'),(12,8,'Béchar','بشار',1,'Béchar'),(13,9,'Blida','البليدة',1,'Blida'),(14,10,'Bouira','البويرة',1,'Bouira'),(15,11,'Tamanrasset','تمنراست',1,'Tamanrasset'),(16,12,'Tébessa','تبسة',1,'Tébessa'),(17,13,'Tlemcen','تلمسان',1,'Tlemcen'),(18,14,'Tiaret','تيارت',1,'Tiaret'),(19,17,'Djelfa','الجلفة',1,'Djelfa'),(20,18,'Jijel','جيجل',1,'Jijel'),(21,20,'Saïda','سعيدة',1,'Saïda'),(22,21,'Skikda','سكيكدة',1,'Skikda'),(23,22,'Sidi Bel Abbès','سيدي بلعباس',1,'Sidi Bel Abbès'),(24,23,'Annaba','عنابة',1,'Annaba'),(25,24,'Guelma','قالمة',1,'Guelma'),(26,25,'Constantine','قسنطينة',1,'Constantine'),(27,26,'Médéa','المدية',1,'Médéa'),(28,27,'Mostaganem','مستغانم',1,'Mostaganem'),(29,28,'M'Sila','المسيلة',1,'M'Sila'),(30,29,'Mascara','معسكر',1,'Mascara'),(31,30,'Ouargla','ورقلة',1,'Ouargla'),(32,32,'El Bayadh','البيض',1,'El Bayadh'),(33,33,'Illizi','إليزي',1,'Illizi'),(34,34,'Bordj Bou Arréridj','برج بوعريريج',1,'Bordj Bou Arréridj'),(35,35,'Boumerdès','بومرداس',1,'Boumerdès'),(36,36,'El Tarf','الطارف',1,'El Tarf'),(37,37,'Tindouf','تندوف',1,'Tindouf'),(38,38,'Tissemsilt','تيسمسيلت',1,'Tissemsilt'),(39,39,'El Oued','الوادي',1,'El Oued'),(40,40,'Khenchela','خنشلة',1,'Khenchela'),(41,41,'Souk Ahras','سوق أهراس',1,'Souk Ahras'),(42,42,'Tipaza','تيبازة',1,'Tipaza'),(43,43,'Mila','ميلة',1,'Mila'),(44,44,'Aïn Defla','عين الدفلى',1,'Aïn Defla'),(45,45,'Naâma','النعامة',1,'Naâma'),(46,46,'Aïn Témouchent','عين تموشنت',1,'Aïn Témouchent'),(47,47,'Ghardaïa','غرداية',1,'Ghardaïa'),(48,48,'Relizane','غليزان',1,'Relizane'),(49,49,'Timimoun','تيميمون',1,'Timimoun'),(50,50,'Bordj Badji Mokhtar','برج باجي مختار',1,'Bordj Badji Mokhtar'),(51,51,'Ouled Djellal','أولاد جلال',1,'Ouled Djellal'),(52,52,'Béni Abbès','بني عباس',1,'Béni Abbès'),(53,53,'In Salah','عين صالح',1,'In Salah'),(54,54,'In Guezzam','عين قزام',1,'In Guezzam'),(55,55,'Touggourt','تقرت',1,'Touggourt'),(56,56,'Djanet','جانت',1,'Djanet'),(57,57,'El M'Ghair','المغير',1,'El M'Ghair'),(58,58,'El Menia','المنيعة',1,'El Menia');
/* SQLINES DEMO *** LE `mosques_wilaya` ENABLE KEYS */;
UNLOCK TABLES;
/* SQLINES DEMO *** ZONE=@OLD_TIME_ZONE */;

/* SQLINES DEMO *** ODE=@OLD_SQL_MODE */;
/* SQLINES DEMO *** GN_KEY_CHECKS=@OLD_FOREIGN_KEY_CHECKS */;
/* SQLINES DEMO *** E_CHECKS=@OLD_UNIQUE_CHECKS */;
/* SQLINES DEMO *** CTER_SET_CLIENT=@OLD_CHARACTER_SET_CLIENT */;
/* SQLINES DEMO *** CTER_SET_RESULTS=@OLD_CHARACTER_SET_RESULTS */;
/* SQLINES DEMO *** TION_CONNECTION=@OLD_COLLATION_CONNECTION */;
/* SQLINES DEMO *** OTES=@OLD_SQL_NOTES */;

-- SQLINES DEMO ***  2026-02-11  4:05:10
